RetainedRef	DuplicateRef
Montipora_capitata_KBHIv3___RNAseq.g45454.t1	Montipora_capitata_KBHIv3___RNAseq.g45455.t1
Montipora_capitata_KBHIv3___RNAseq.g30455.t1	Montipora_capitata_KBHIv3___RNAseq.g30456.t1
Montipora_capitata_KBHIv3___RNAseq.g30455.t1	Montipora_capitata_KBHIv3___RNAseq.g30457.t1
Montipora_capitata_KBHIv3___RNAseq.g41742.t1	Montipora_capitata_KBHIv3___RNAseq.g3569.t1
Montipora_capitata_KBHIv3___RNAseq.g19879.t1	Montipora_capitata_KBHIv3___RNAseq.g19878.t1
Montipora_capitata_KBHIv3___RNAseq.g3867.t1	Montipora_capitata_KBHIv3___RNAseq.g15397.t1
Montipora_capitata_KBHIv3___RNAseq.g3867.t1	Montipora_capitata_KBHIv3___RNAseq.g8616.t1
Montipora_capitata_KBHIv3___TS.g4851.t1	Montipora_capitata_KBHIv3___RNAseq.g15729.t1
Montipora_capitata_KBHIv3___RNAseq.g2252.t1	Montipora_capitata_KBHIv3___RNAseq.g2256.t1
Montipora_capitata_KBHIv3___RNAseq.g35298.t1	Montipora_capitata_KBHIv3___RNAseq.g18641.t1
Montipora_capitata_KBHIv3___TS.g13916.t1	Montipora_capitata_KBHIv3___TS.g39263.t1
Montipora_capitata_KBHIv3___RNAseq.g24629.t1	Montipora_capitata_KBHIv3___RNAseq.g24630.t1
Montipora_capitata_KBHIv3___TS.g2682.t1	Montipora_capitata_KBHIv3___TS.g21831.t1a
Montipora_capitata_KBHIv3___RNAseq.g6843.t1	Montipora_capitata_KBHIv3___RNAseq.g6846.t1
Montipora_capitata_KBHIv3___TS.g14294.t1	Montipora_capitata_KBHIv3___TS.g32534.t1
Montipora_capitata_KBHIv3___TS.g14294.t1	Montipora_capitata_KBHIv3___TS.g45065.t1
Montipora_capitata_KBHIv3___RNAseq.g28135.t1	Montipora_capitata_KBHIv3___RNAseq.g3418.t1
Montipora_capitata_KBHIv3___RNAseq.g37807.t1	Montipora_capitata_KBHIv3___RNAseq.g37808.t1
Montipora_capitata_KBHIv3___RNAseq.g38681.t1	Montipora_capitata_KBHIv3___RNAseq.g38671.t1
Montipora_capitata_KBHIv3___TS.g27533.t1	Montipora_capitata_KBHIv3___TS.g21607.t1
Montipora_capitata_KBHIv3___TS.g27533.t1	Montipora_capitata_KBHIv3___TS.g2550.t1
Montipora_capitata_KBHIv3___RNAseq.g45718.t1	Montipora_capitata_KBHIv3___RNAseq.g43418.t1
Montipora_capitata_KBHIv3___RNAseq.g40249.t1	Montipora_capitata_KBHIv3___RNAseq.g40248.t1
Montipora_capitata_KBHIv3___RNAseq.g23833.t1	Montipora_capitata_KBHIv3___RNAseq.g23948.t1
Montipora_capitata_KBHIv3___RNAseq.g41726.t1	Montipora_capitata_KBHIv3___RNAseq.g41728.t1
Montipora_capitata_KBHIv3___RNAseq.g17186.t1	Montipora_capitata_KBHIv3___RNAseq.g40076.t1
Montipora_capitata_KBHIv3___RNAseq.g39181.t1	Montipora_capitata_KBHIv3___RNAseq.g240.t1
Montipora_capitata_KBHIv3___RNAseq.g4330.t1	Montipora_capitata_KBHIv3___RNAseq.g4329.t1
Montipora_capitata_KBHIv3___RNAseq.g8503.t1	Montipora_capitata_KBHIv3___RNAseq.g35543.t1
Montipora_capitata_KBHIv3___RNAseq.g10613.t1	Montipora_capitata_KBHIv3___RNAseq.g44132.t1
Montipora_capitata_KBHIv3___RNAseq.g33342.t1	Montipora_capitata_KBHIv3___RNAseq.g33341.t1
Montipora_capitata_KBHIv3___TS.g20070.t1	Montipora_capitata_KBHIv3___TS.g41847.t1
Montipora_capitata_KBHIv3___TS.g20070.t1	Montipora_capitata_KBHIv3___TS.g20641.t1
Montipora_capitata_KBHIv3___RNAseq.g996.t1	Montipora_capitata_KBHIv3___RNAseq.g999.t1
Montipora_capitata_KBHIv3___RNAseq.g26398.t1	Montipora_capitata_KBHIv3___RNAseq.g23680.t1
Montipora_capitata_KBHIv3___RNAseq.g3638.t1	Montipora_capitata_KBHIv3___RNAseq.g2440.t1
Montipora_capitata_KBHIv3___RNAseq.g47933.t1	Montipora_capitata_KBHIv3___RNAseq.g47934.t1
Montipora_capitata_KBHIv3___RNAseq.g4436.t1	Montipora_capitata_KBHIv3___RNAseq.g30539.t1
Montipora_capitata_KBHIv3___RNAseq.g15339.t1	Montipora_capitata_KBHIv3___RNAseq.g7731.t1
Montipora_capitata_KBHIv3___RNAseq.g50509.t1	Montipora_capitata_KBHIv3___RNAseq.g40276.t1
Montipora_capitata_KBHIv3___RNAseq.g38694.t1	Montipora_capitata_KBHIv3___RNAseq.g45731.t1
Montipora_capitata_KBHIv3___RNAseq.g33982.t1	Montipora_capitata_KBHIv3___RNAseq.g33980.t1
Montipora_capitata_KBHIv3___TS.g20407.t1	Montipora_capitata_KBHIv3___RNAseq.g11793.t1
Montipora_capitata_KBHIv3___RNAseq.g23658.t1	Montipora_capitata_KBHIv3___RNAseq.g43.t1
Montipora_capitata_KBHIv3___RNAseq.g23658.t1	Montipora_capitata_KBHIv3___RNAseq.g27354.t1
Montipora_capitata_KBHIv3___RNAseq.g32883.t1	Montipora_capitata_KBHIv3___RNAseq.g26192.t1
Montipora_capitata_KBHIv3___RNAseq.g23528.t1	Montipora_capitata_KBHIv3___RNAseq.g26445.t1
Montipora_capitata_KBHIv3___RNAseq.g15532.t1	Montipora_capitata_KBHIv3___RNAseq.g15531.t1
Montipora_capitata_KBHIv3___RNAseq.g23793.t1	Montipora_capitata_KBHIv3___RNAseq.g44405.t1
Montipora_capitata_KBHIv3___RNAseq.g44400.t1	Montipora_capitata_KBHIv3___RNAseq.g8185.t1
Montipora_capitata_KBHIv3___RNAseq.g44400.t1	Montipora_capitata_KBHIv3___RNAseq.g7993.t1
Montipora_capitata_KBHIv3___RNAseq.g1686.t1	Montipora_capitata_KBHIv3___RNAseq.g1685.t1
Montipora_capitata_KBHIv3___RNAseq.g29895.t1	Montipora_capitata_KBHIv3___TS.g14320.t1
Montipora_capitata_KBHIv3___RNAseq.g45992.t1	Montipora_capitata_KBHIv3___RNAseq.g45995.t1
Montipora_capitata_KBHIv3___RNAseq.g14162.t1	Montipora_capitata_KBHIv3___RNAseq.g14156.t1
Montipora_capitata_KBHIv3___RNAseq.g22569.t1	Montipora_capitata_KBHIv3___RNAseq.g22558.t1
Montipora_capitata_KBHIv3___RNAseq.g848.t1	Montipora_capitata_KBHIv3___RNAseq.g838.t1
Montipora_capitata_KBHIv3___RNAseq.g6423.t1	Montipora_capitata_KBHIv3___RNAseq.g8215.t1
Montipora_capitata_KBHIv3___RNAseq.g6423.t1	Montipora_capitata_KBHIv3___RNAseq.g2615.t1
Montipora_capitata_KBHIv3___RNAseq.g6423.t1	Montipora_capitata_KBHIv3___RNAseq.g25959.t1
Montipora_capitata_KBHIv3___TS.g14441.t1	Montipora_capitata_KBHIv3___RNAseq.g30218.t1
Montipora_capitata_KBHIv3___RNAseq.g29045.t1	Montipora_capitata_KBHIv3___RNAseq.g29042.t1
Montipora_capitata_KBHIv3___RNAseq.g8398.t1	Montipora_capitata_KBHIv3___RNAseq.g8392.t1
Montipora_capitata_KBHIv3___TS.g29505.t1	Montipora_capitata_KBHIv3___TS.g41395.t1
Montipora_capitata_KBHIv3___RNAseq.21186_t	Montipora_capitata_KBHIv3___RNAseq.21185_t
Montipora_capitata_KBHIv3___RNAseq.g8806.t1	Montipora_capitata_KBHIv3___RNAseq.g5700.t1
Montipora_capitata_KBHIv3___TS.g6226.t1	Montipora_capitata_KBHIv3___TS.g6228.t1
Montipora_capitata_KBHIv3___TS.g6226.t1	Montipora_capitata_KBHIv3___TS.g23637.t1
Montipora_capitata_KBHIv3___TS.g6226.t1	Montipora_capitata_KBHIv3___TS.g23639.t1
Montipora_capitata_KBHIv3___TS.g6226.t1	Montipora_capitata_KBHIv3___TS.g23635.t1
Montipora_capitata_KBHIv3___TS.g6226.t1	Montipora_capitata_KBHIv3___TS.g6227.t1
Montipora_capitata_KBHIv3___TS.g6226.t1	Montipora_capitata_KBHIv3___TS.g23634.t1
Montipora_capitata_KBHIv3___TS.g6226.t1	Montipora_capitata_KBHIv3___TS.g23636.t1
Montipora_capitata_KBHIv3___TS.g6226.t1	Montipora_capitata_KBHIv3___TS.g23638.t1
Montipora_capitata_KBHIv3___RNAseq.g27516.t1	Montipora_capitata_KBHIv3___RNAseq.g27517.t1
Montipora_capitata_KBHIv3___RNAseq.g47144.t1	Montipora_capitata_KBHIv3___RNAseq.g47141.t1
Montipora_capitata_KBHIv3___RNAseq.g10927.t1	Montipora_capitata_KBHIv3___RNAseq.g36086.t1
Montipora_capitata_KBHIv3___RNAseq.g929.t1	Montipora_capitata_KBHIv3___RNAseq.g930.t1
Montipora_capitata_KBHIv3___RNAseq.g27177.t1	Montipora_capitata_KBHIv3___RNAseq.g3864.t1
Montipora_capitata_KBHIv3___RNAseq.g3071.t1	Montipora_capitata_KBHIv3___RNAseq.g3072.t1
Montipora_capitata_KBHIv3___RNAseq.g29667.t1	Montipora_capitata_KBHIv3___RNAseq.g27280.t1
Montipora_capitata_KBHIv3___RNAseq.g29667.t1	Montipora_capitata_KBHIv3___RNAseq.g27283.t1
Montipora_capitata_KBHIv3___RNAseq.g13250.t1	Montipora_capitata_KBHIv3___RNAseq.g13255.t1
Montipora_capitata_KBHIv3___RNAseq.g17736.t1	Montipora_capitata_KBHIv3___RNAseq.g17738.t1
Montipora_capitata_KBHIv3___RNAseq.g3073.t1	Montipora_capitata_KBHIv3___RNAseq.g3070.t1
Montipora_capitata_KBHIv3___RNAseq.g8531.t1	Montipora_capitata_KBHIv3___RNAseq.g40056.t1
Montipora_capitata_KBHIv3___RNAseq.g27463.t1	Montipora_capitata_KBHIv3___RNAseq.g12494.t1
Montipora_capitata_KBHIv3___RNAseq.g27463.t1	Montipora_capitata_KBHIv3___RNAseq.g7926.t1
Montipora_capitata_KBHIv3___TS.g4048.t1	Montipora_capitata_KBHIv3___TS.g4047.t1
Montipora_capitata_KBHIv3___RNAseq.g24592.t1	Montipora_capitata_KBHIv3___RNAseq.g5107.t1
Montipora_capitata_KBHIv3___RNAseq.g39972.t1	Montipora_capitata_KBHIv3___RNAseq.g39969.t1
Montipora_capitata_KBHIv3___TS.g147.t1	Montipora_capitata_KBHIv3___TS.g3804.t1
Montipora_capitata_KBHIv3___RNAseq.g46479.t1	Montipora_capitata_KBHIv3___RNAseq.g19923.t1
Montipora_capitata_KBHIv3___TS.g28845.t1	Montipora_capitata_KBHIv3___TS.g28746.t1
Montipora_capitata_KBHIv3___RNAseq.g46819.t1	Montipora_capitata_KBHIv3___RNAseq.g46847.t1
Montipora_capitata_KBHIv3___RNAseq.g12252.t1	Montipora_capitata_KBHIv3___RNAseq.g45704.t1
Montipora_capitata_KBHIv3___RNAseq.g11678.t1	Montipora_capitata_KBHIv3___RNAseq.g33498.t1
Montipora_capitata_KBHIv3___RNAseq.g9010.t1	Montipora_capitata_KBHIv3___RNAseq.g33622.t1
Montipora_capitata_KBHIv3___RNAseq.g19746.t1	Montipora_capitata_KBHIv3___RNAseq.g19743.t1
Montipora_capitata_KBHIv3___RNAseq.g14089.t1a	Montipora_capitata_KBHIv3___RNAseq.g44848.t1b
Montipora_capitata_KBHIv3___TS.g17847.t1	Montipora_capitata_KBHIv3___TS.g17845.t1
Montipora_capitata_KBHIv3___RNAseq.g49467.t1	Montipora_capitata_KBHIv3___RNAseq.g23982.t1
Montipora_capitata_KBHIv3___RNAseq.g43768.t1	Montipora_capitata_KBHIv3___RNAseq.g8099.t1
Montipora_capitata_KBHIv3___RNAseq.g19010.t1	Montipora_capitata_KBHIv3___RNAseq.g29819.t2
Montipora_capitata_KBHIv3___RNAseq.g46974.t1	Montipora_capitata_KBHIv3___RNAseq.g5025.t1
Montipora_capitata_KBHIv3___RNAseq.g39066.t1	Montipora_capitata_KBHIv3___RNAseq.g39067.t1
Montipora_capitata_KBHIv3___RNAseq.g12422.t1	Montipora_capitata_KBHIv3___RNAseq.g24241.t1
Montipora_capitata_KBHIv3___RNAseq.g24130.t1	Montipora_capitata_KBHIv3___RNAseq.g26541.t1
Montipora_capitata_KBHIv3___RNAseq.g24130.t1	Montipora_capitata_KBHIv3___RNAseq.g26540.t1
Montipora_capitata_KBHIv3___RNAseq.g18204.t1	Montipora_capitata_KBHIv3___RNAseq.g15583.t1
Montipora_capitata_KBHIv3___RNAseq.g18426.t1	Montipora_capitata_KBHIv3___RNAseq.g50508.t1
Montipora_capitata_KBHIv3___RNAseq.10476_t	Montipora_capitata_KBHIv3___RNAseq.10478_t
Montipora_capitata_KBHIv3___RNAseq.g40203.t1	Montipora_capitata_KBHIv3___RNAseq.g180.t1
Montipora_capitata_KBHIv3___RNAseq.g254.t1	Montipora_capitata_KBHIv3___RNAseq.g19018.t1
Montipora_capitata_KBHIv3___RNAseq.g34674.t1	Montipora_capitata_KBHIv3___RNAseq.g34672.t1
Montipora_capitata_KBHIv3___RNAseq.g44881.t1	Montipora_capitata_KBHIv3___RNAseq.g44882.t2
Montipora_capitata_KBHIv3___RNAseq.g3609.t1	Montipora_capitata_KBHIv3___RNAseq.g262.t1
Montipora_capitata_KBHIv3___RNAseq.g3609.t1	Montipora_capitata_KBHIv3___RNAseq.g38784.t1
Montipora_capitata_KBHIv3___RNAseq.g16052.t1	Montipora_capitata_KBHIv3___RNAseq.g4539.t1
Montipora_capitata_KBHIv3___RNAseq.g42585.t1	Montipora_capitata_KBHIv3___RNAseq.g42586.t1
Montipora_capitata_KBHIv3___TS.g26640.t1	Montipora_capitata_KBHIv3___RNAseq.g7611.t1
Montipora_capitata_KBHIv3___RNAseq.g9256.t1	Montipora_capitata_KBHIv3___RNAseq.g7877.t1
Montipora_capitata_KBHIv3___RNAseq.g40090.t1	Montipora_capitata_KBHIv3___RNAseq.g41663.t1
Montipora_capitata_KBHIv3___RNAseq.g40090.t1	Montipora_capitata_KBHIv3___TS.g4606.t1
Montipora_capitata_KBHIv3___RNAseq.g38774.t1	Montipora_capitata_KBHIv3___RNAseq.g18877.t1
Montipora_capitata_KBHIv3___RNAseq.g33125.t1	Montipora_capitata_KBHIv3___RNAseq.g14659.t1
Montipora_capitata_KBHIv3___RNAseq.g33125.t1	Montipora_capitata_KBHIv3___RNAseq.g31709.t1
Montipora_capitata_KBHIv3___RNAseq.g33125.t1	Montipora_capitata_KBHIv3___RNAseq.g7506.t1
Montipora_capitata_KBHIv3___RNAseq.g14117.t1	Montipora_capitata_KBHIv3___RNAseq.g23782.t1
Montipora_capitata_KBHIv3___RNAseq.g9786.t1	Montipora_capitata_KBHIv3___RNAseq.g42007.t1
Montipora_capitata_KBHIv3___RNAseq.g20415.t1	Montipora_capitata_KBHIv3___RNAseq.g20416.t1
Montipora_capitata_KBHIv3___RNAseq.g47374.t1	Montipora_capitata_KBHIv3___RNAseq.g47372.t1
Montipora_capitata_KBHIv3___TS.g1781.t1	Montipora_capitata_KBHIv3___RNAseq.10646_t
Montipora_capitata_KBHIv3___RNAseq.g18537.t1	Montipora_capitata_KBHIv3___RNAseq.g18535.t1
Montipora_capitata_KBHIv3___RNAseq.g2447.t1	Montipora_capitata_KBHIv3___RNAseq.g2449.t1
Montipora_capitata_KBHIv3___RNAseq.g8055.t1	Montipora_capitata_KBHIv3___RNAseq.g23840.t1
Montipora_capitata_KBHIv3___RNAseq.g8055.t1	Montipora_capitata_KBHIv3___RNAseq.g27235.t1
Montipora_capitata_KBHIv3___RNAseq.g49902.t1	Montipora_capitata_KBHIv3___RNAseq.g49900.t1
Montipora_capitata_KBHIv3___RNAseq.g18205.t1	Montipora_capitata_KBHIv3___RNAseq.g15584.t1
Montipora_capitata_KBHIv3___TS.g23915.t1	Montipora_capitata_KBHIv3___TS.g20461.t1
Montipora_capitata_KBHIv3___TS.g23915.t1	Montipora_capitata_KBHIv3___TS.g19445.t1
Montipora_capitata_KBHIv3___TS.g23915.t1	Montipora_capitata_KBHIv3___TS.g4910.t1
Montipora_capitata_KBHIv3___RNAseq.g12400.t1	Montipora_capitata_KBHIv3___RNAseq.g29908.t1
Montipora_capitata_KBHIv3___RNAseq.g12400.t1	Montipora_capitata_KBHIv3___RNAseq.g27292.t1
Montipora_capitata_KBHIv3___RNAseq.g24839.t1	Montipora_capitata_KBHIv3___RNAseq.g24837.t1
Montipora_capitata_KBHIv3___RNAseq.g23925.t1	Montipora_capitata_KBHIv3___RNAseq.g17218.t1
Montipora_capitata_KBHIv3___TS.g10285.t1	Montipora_capitata_KBHIv3___TS.g20406.t1
Montipora_capitata_KBHIv3___RNAseq.g18536.t1	Montipora_capitata_KBHIv3___RNAseq.g18538.t1
Montipora_capitata_KBHIv3___RNAseq.g22042.t1	Montipora_capitata_KBHIv3___RNAseq.g45899.t1
Montipora_capitata_KBHIv3___RNAseq.g22042.t1	Montipora_capitata_KBHIv3___RNAseq.g24893.t1
Montipora_capitata_KBHIv3___RNAseq.g22042.t1	Montipora_capitata_KBHIv3___RNAseq.g24892.t1
Montipora_capitata_KBHIv3___RNAseq.g11588.t1	Montipora_capitata_KBHIv3___RNAseq.g11584.t1
Montipora_capitata_KBHIv3___RNAseq.g11588.t1	Montipora_capitata_KBHIv3___RNAseq.g11586.t1
Montipora_capitata_KBHIv3___RNAseq.g11588.t1	Montipora_capitata_KBHIv3___RNAseq.g11585.t1
Montipora_capitata_KBHIv3___RNAseq.g3751.t1	Montipora_capitata_KBHIv3___RNAseq.g8064.t1
Montipora_capitata_KBHIv3___RNAseq.g3779.t1	Montipora_capitata_KBHIv3___RNAseq.g3776.t1
Montipora_capitata_KBHIv3___RNAseq.g3779.t1	Montipora_capitata_KBHIv3___RNAseq.g29757.t1
Montipora_capitata_KBHIv3___RNAseq.g3779.t1	Montipora_capitata_KBHIv3___RNAseq.g45786.t1
Montipora_capitata_KBHIv3___RNAseq.g6539.t1	Montipora_capitata_KBHIv3___RNAseq.g6567.t1
Montipora_capitata_KBHIv3___RNAseq.g45705.t1	Montipora_capitata_KBHIv3___RNAseq.g12253.t1
Montipora_capitata_KBHIv3___RNAseq.g27237.t1	Montipora_capitata_KBHIv3___RNAseq.g8057.t1
Montipora_capitata_KBHIv3___RNAseq.g40173.t1	Montipora_capitata_KBHIv3___RNAseq.g40160.t1
Montipora_capitata_KBHIv3___RNAseq.g39973.t1	Montipora_capitata_KBHIv3___RNAseq.g39970.t1
Montipora_capitata_KBHIv3___RNAseq.15328_t	Montipora_capitata_KBHIv3___TS.g12058.t1a
Montipora_capitata_KBHIv3___RNAseq.g47130.t1	Montipora_capitata_KBHIv3___RNAseq.g47128.t1
Montipora_capitata_KBHIv3___RNAseq.g8346.t1	Montipora_capitata_KBHIv3___RNAseq.g29710.t1
Montipora_capitata_KBHIv3___TS.g40051.t1	Montipora_capitata_KBHIv3___TS.g40049.t1
Montipora_capitata_KBHIv3___TS.g38697.t1	Montipora_capitata_KBHIv3___RNAseq.g1175.t1
Montipora_capitata_KBHIv3___TS.g38697.t1	Montipora_capitata_KBHIv3___RNAseq.g1180.t1
Montipora_capitata_KBHIv3___RNAseq.g12437.t1	Montipora_capitata_KBHIv3___RNAseq.g7918.t1
Montipora_capitata_KBHIv3___RNAseq.g8654.t1	Montipora_capitata_KBHIv3___RNAseq.g7637.t1
Montipora_capitata_KBHIv3___TS.g37385.t1	Montipora_capitata_KBHIv3___TS.g41442.t1
Montipora_capitata_KBHIv3___TS.g29560.t1	Montipora_capitata_KBHIv3___TS.g31638.t1
Montipora_capitata_KBHIv3___TS.g41081.t1	Montipora_capitata_KBHIv3___TS.g30331.t1
Montipora_capitata_KBHIv3___RNAseq.g1430.t1	Montipora_capitata_KBHIv3___RNAseq.g40240.t1
Montipora_capitata_KBHIv3___RNAseq.g1430.t1	Montipora_capitata_KBHIv3___RNAseq.g40236.t1
Montipora_capitata_KBHIv3___RNAseq.g1430.t1	Montipora_capitata_KBHIv3___RNAseq.g40239.t1
Montipora_capitata_KBHIv3___RNAseq.g1430.t1	Montipora_capitata_KBHIv3___RNAseq.g1431.t1
Montipora_capitata_KBHIv3___RNAseq.g1430.t1	Montipora_capitata_KBHIv3___RNAseq.g40238.t1
Montipora_capitata_KBHIv3___RNAseq.g1430.t1	Montipora_capitata_KBHIv3___RNAseq.g40237.t1
Montipora_capitata_KBHIv3___RNAseq.g1430.t1	Montipora_capitata_KBHIv3___RNAseq.g1429.t1
Montipora_capitata_KBHIv3___RNAseq.g1430.t1	Montipora_capitata_KBHIv3___RNAseq.g40235.t1
Montipora_capitata_KBHIv3___RNAseq.g1430.t1	Montipora_capitata_KBHIv3___RNAseq.g1428.t1
Montipora_capitata_KBHIv3___RNAseq.g4444.t1	Montipora_capitata_KBHIv3___RNAseq.g34749.t1
Montipora_capitata_KBHIv3___RNAseq.g38680.t1	Montipora_capitata_KBHIv3___RNAseq.g15504.t1
Montipora_capitata_KBHIv3___RNAseq.g38680.t1	Montipora_capitata_KBHIv3___RNAseq.g27554.t1
Montipora_capitata_KBHIv3___RNAseq.g1761.t1	Montipora_capitata_KBHIv3___RNAseq.g1760.t1
Montipora_capitata_KBHIv3___TS.g48724.t1	Montipora_capitata_KBHIv3___TS.g38051.t1
Montipora_capitata_KBHIv3___RNAseq.g23956.t1	Montipora_capitata_KBHIv3___RNAseq.g4272.t1
Montipora_capitata_KBHIv3___RNAseq.g11271.t1	Montipora_capitata_KBHIv3___RNAseq.g11272.t1
Montipora_capitata_KBHIv3___RNAseq.g8528.t1	Montipora_capitata_KBHIv3___RNAseq.g8527.t1
Montipora_capitata_KBHIv3___RNAseq.g32882.t1	Montipora_capitata_KBHIv3___RNAseq.g26191.t1
Montipora_capitata_KBHIv3___RNAseq.g30094.t1	Montipora_capitata_KBHIv3___RNAseq.g30092.t1
Montipora_capitata_KBHIv3___RNAseq.g11049.t1	Montipora_capitata_KBHIv3___RNAseq.g10871.t1
Montipora_capitata_KBHIv3___RNAseq.g11049.t1	Montipora_capitata_KBHIv3___RNAseq.g11047.t1
Montipora_capitata_KBHIv3___RNAseq.g5086.t1	Montipora_capitata_KBHIv3___RNAseq.g5084.t1
Montipora_capitata_KBHIv3___RNAseq.g49478.t1	Montipora_capitata_KBHIv3___RNAseq.g18669.t1
Montipora_capitata_KBHIv3___TS.g780.t1	Montipora_capitata_KBHIv3___TS.g778.t1
Montipora_capitata_KBHIv3___RNAseq.g9846.t1	Montipora_capitata_KBHIv3___RNAseq.g9842.t1
Montipora_capitata_KBHIv3___RNAseq.g3803.t1	Montipora_capitata_KBHIv3___TS.g50666.t1
Montipora_capitata_KBHIv3___RNAseq.g46697.t1	Montipora_capitata_KBHIv3___RNAseq.g46699.t1
Montipora_capitata_KBHIv3___RNAseq.g17154.t1	Montipora_capitata_KBHIv3___RNAseq.g17150.t1
Montipora_capitata_KBHIv3___RNAseq.g38293.t1	Montipora_capitata_KBHIv3___RNAseq.g35648.t1
Montipora_capitata_KBHIv3___RNAseq.g22196.t1	Montipora_capitata_KBHIv3___RNAseq.g22194.t1
Montipora_capitata_KBHIv3___RNAseq.g8003.t1	Montipora_capitata_KBHIv3___RNAseq.g36624.t1
Montipora_capitata_KBHIv3___TS.g49011.t1	Montipora_capitata_KBHIv3___TS.g21317.t1
Montipora_capitata_KBHIv3___TS.g49011.t1	Montipora_capitata_KBHIv3___TS.g41811.t1
Montipora_capitata_KBHIv3___TS.g49011.t1	Montipora_capitata_KBHIv3___TS.g19662.t1
Montipora_capitata_KBHIv3___RNAseq.g23214.t1b	Montipora_capitata_KBHIv3___RNAseq.g18714.t1b
Montipora_capitata_KBHIv3___RNAseq.g47998.t1	Montipora_capitata_KBHIv3___RNAseq.g15066.t1
Montipora_capitata_KBHIv3___RNAseq.g7919.t1	Montipora_capitata_KBHIv3___RNAseq.g12438.t1
Montipora_capitata_KBHIv3___RNAseq.g35033.t1	Montipora_capitata_KBHIv3___RNAseq.g18772.t1
Montipora_capitata_KBHIv3___RNAseq.g26430.t1	Montipora_capitata_KBHIv3___RNAseq.g26431.t1
Montipora_capitata_KBHIv3___RNAseq.g41230.t1	Montipora_capitata_KBHIv3___RNAseq.g37074.t1
Montipora_capitata_KBHIv3___RNAseq.g8841.t1	Montipora_capitata_KBHIv3___RNAseq.g8839.t1
Montipora_capitata_KBHIv3___RNAseq.g16278.t1	Montipora_capitata_KBHIv3___RNAseq.g16281.t1
Montipora_capitata_KBHIv3___TS.g13499.t1	Montipora_capitata_KBHIv3___RNAseq.g18306.t1
Montipora_capitata_KBHIv3___TS.g13499.t1	Montipora_capitata_KBHIv3___TS.g10677.t1
Montipora_capitata_KBHIv3___RNAseq.g2714.t1	Montipora_capitata_KBHIv3___RNAseq.g2712.t1
Montipora_capitata_KBHIv3___RNAseq.g19226.t1	Montipora_capitata_KBHIv3___RNAseq.g19225.t1
Montipora_capitata_KBHIv3___RNAseq.g8268.t1	Montipora_capitata_KBHIv3___RNAseq.g8178.t1
Montipora_capitata_KBHIv3___TS.g44247.t1	Montipora_capitata_KBHIv3___RNAseq.g11406.t1
Montipora_capitata_KBHIv3___TS.g19828.t1	Montipora_capitata_KBHIv3___TS.g37498.t1
Montipora_capitata_KBHIv3___RNAseq.g2546.t1	Montipora_capitata_KBHIv3___RNAseq.g2544.t1
Montipora_capitata_KBHIv3___RNAseq.g15735.t1	Montipora_capitata_KBHIv3___RNAseq.g15732.t1
Montipora_capitata_KBHIv3___RNAseq.g23659.t1	Montipora_capitata_KBHIv3___RNAseq.g23660.t1
Montipora_capitata_KBHIv3___RNAseq.g23659.t1	Montipora_capitata_KBHIv3___RNAseq.g23661.t1
Montipora_capitata_KBHIv3___RNAseq.g23659.t1	Montipora_capitata_KBHIv3___RNAseq.g44.t1
Montipora_capitata_KBHIv3___TS.g20453.t1	Montipora_capitata_KBHIv3___TS.g823.t1
Montipora_capitata_KBHIv3___RNAseq.g46978.t1	Montipora_capitata_KBHIv3___RNAseq.g46979.t1
Montipora_capitata_KBHIv3___RNAseq.g40054.t1	Montipora_capitata_KBHIv3___RNAseq.g12321.t1
Montipora_capitata_KBHIv3___RNAseq.g40054.t1	Montipora_capitata_KBHIv3___RNAseq.g8533.t1
Montipora_capitata_KBHIv3___RNAseq.g3936.t1	Montipora_capitata_KBHIv3___RNAseq.g23616.t1
Montipora_capitata_KBHIv3___RNAseq.g43609.t1	Montipora_capitata_KBHIv3___RNAseq.g12608.t1
Montipora_capitata_KBHIv3___RNAseq.g11719.t1	Montipora_capitata_KBHIv3___RNAseq.g11679.t1
Montipora_capitata_KBHIv3___RNAseq.46643_t	Montipora_capitata_KBHIv3___RNAseq.g36314.t1
Montipora_capitata_KBHIv3___RNAseq.g27194.t1	Montipora_capitata_KBHIv3___RNAseq.g2730.t1
Montipora_capitata_KBHIv3___RNAseq.g27194.t1	Montipora_capitata_KBHIv3___RNAseq.g30876.t1
Montipora_capitata_KBHIv3___RNAseq.g29500.t1	Montipora_capitata_KBHIv3___RNAseq.g29492.t1
Montipora_capitata_KBHIv3___RNAseq.g45703.t1	Montipora_capitata_KBHIv3___RNAseq.g12264.t1
Montipora_capitata_KBHIv3___RNAseq.g45703.t1	Montipora_capitata_KBHIv3___RNAseq.g7862.t1
Montipora_capitata_KBHIv3___RNAseq.g45703.t1	Montipora_capitata_KBHIv3___RNAseq.g12251.t1
Montipora_capitata_KBHIv3___RNAseq.g45703.t1	Montipora_capitata_KBHIv3___RNAseq.g12272.t1
Montipora_capitata_KBHIv3___RNAseq.g26217.t1	Montipora_capitata_KBHIv3___RNAseq.g26214.t1
Montipora_capitata_KBHIv3___RNAseq.g8136.t1	Montipora_capitata_KBHIv3___RNAseq.g44391.t1
Montipora_capitata_KBHIv3___RNAseq.g7547.t1	Montipora_capitata_KBHIv3___TS.g104.t1
Montipora_capitata_KBHIv3___RNAseq.g4050.t1	Montipora_capitata_KBHIv3___RNAseq.g15437.t1
Montipora_capitata_KBHIv3___RNAseq.g8158.t1	Montipora_capitata_KBHIv3___TS.g5712.t1
Montipora_capitata_KBHIv3___RNAseq.g2204.t1	Montipora_capitata_KBHIv3___RNAseq.g2207.t1
Montipora_capitata_KBHIv3___RNAseq.g38991.t1	Montipora_capitata_KBHIv3___RNAseq.g30109.t1
Montipora_capitata_KBHIv3___RNAseq.g38991.t1	Montipora_capitata_KBHIv3___RNAseq.g20249.t1
Montipora_capitata_KBHIv3___RNAseq.g38991.t1	Montipora_capitata_KBHIv3___RNAseq.g11797.t1
Montipora_capitata_KBHIv3___RNAseq.g45723.t1	Montipora_capitata_KBHIv3___RNAseq.g35699.t1
Montipora_capitata_KBHIv3___RNAseq.g45723.t1	Montipora_capitata_KBHIv3___RNAseq.g45727.t1
Montipora_capitata_KBHIv3___RNAseq.g45723.t1	Montipora_capitata_KBHIv3___RNAseq.g35704.t1
Montipora_capitata_KBHIv3___TS.g19756.t1	Montipora_capitata_KBHIv3___TS.g45185.t1
Montipora_capitata_KBHIv3___TS.g31291.t1	Montipora_capitata_KBHIv3___TS.g29395.t1
Montipora_capitata_KBHIv3___RNAseq.g14775.t1	Montipora_capitata_KBHIv3___RNAseq.g14082.t1
Montipora_capitata_KBHIv3___RNAseq.g32501.t1	Montipora_capitata_KBHIv3___RNAseq.g32481.t1
Montipora_capitata_KBHIv3___RNAseq.g36214.t1	Montipora_capitata_KBHIv3___RNAseq.g36211.t1
Montipora_capitata_KBHIv3___TS.g10583.t1	Montipora_capitata_KBHIv3___TS.g16945.t1
Montipora_capitata_KBHIv3___RNAseq.g35040.t1	Montipora_capitata_KBHIv3___RNAseq.g35041.t1
Montipora_capitata_KBHIv3___RNAseq.23115_t	Montipora_capitata_KBHIv3___RNAseq.23111_t
Montipora_capitata_KBHIv3___RNAseq.g46846.t1	Montipora_capitata_KBHIv3___RNAseq.g46818.t1
Montipora_capitata_KBHIv3___RNAseq.g35882.t1	Montipora_capitata_KBHIv3___RNAseq.g35883.t1
Montipora_capitata_KBHIv3___RNAseq.g17635.t1	Montipora_capitata_KBHIv3___RNAseq.g17632.t1
Montipora_capitata_KBHIv3___RNAseq.g23924.t1	Montipora_capitata_KBHIv3___RNAseq.g17217.t1
Montipora_capitata_KBHIv3___RNAseq.g45750.t1	Montipora_capitata_KBHIv3___RNAseq.g45751.t1
Montipora_capitata_KBHIv3___RNAseq.g17813.t1	Montipora_capitata_KBHIv3___RNAseq.g8336.t1
Montipora_capitata_KBHIv3___RNAseq.g44169.t1	Montipora_capitata_KBHIv3___RNAseq.g29727.t1
Montipora_capitata_KBHIv3___RNAseq.g739.t1	Montipora_capitata_KBHIv3___RNAseq.g12414.t1
Montipora_capitata_KBHIv3___RNAseq.g11065.t1	Montipora_capitata_KBHIv3___RNAseq.g21889.t1
Montipora_capitata_KBHIv3___RNAseq.g11065.t1	Montipora_capitata_KBHIv3___RNAseq.g15002.t1
Montipora_capitata_KBHIv3___RNAseq.g30799.t1	Montipora_capitata_KBHIv3___RNAseq.g12037.t1
Montipora_capitata_KBHIv3___RNAseq.g30799.t1	Montipora_capitata_KBHIv3___RNAseq.g32711.t1
Montipora_capitata_KBHIv3___RNAseq.g30799.t1	Montipora_capitata_KBHIv3___RNAseq.g42697.t1
Montipora_capitata_KBHIv3___RNAseq.g30799.t1	Montipora_capitata_KBHIv3___RNAseq.g4323.t1
Montipora_capitata_KBHIv3___RNAseq.g30799.t1	Montipora_capitata_KBHIv3___RNAseq.g41835.t1
Montipora_capitata_KBHIv3___RNAseq.g30799.t1	Montipora_capitata_KBHIv3___RNAseq.g44798.t1
Montipora_capitata_KBHIv3___TS.g2049.t1	Montipora_capitata_KBHIv3___TS.g3165.t1
Montipora_capitata_KBHIv3___TS.g2049.t1	Montipora_capitata_KBHIv3___TS.g10614.t1
Montipora_capitata_KBHIv3___TS.g2049.t1	Montipora_capitata_KBHIv3___TS.g36626.t1
Montipora_capitata_KBHIv3___TS.g2049.t1	Montipora_capitata_KBHIv3___TS.g18302.t1
Montipora_capitata_KBHIv3___RNAseq.g17149.t1	Montipora_capitata_KBHIv3___RNAseq.g17153.t1
Montipora_capitata_KBHIv3___RNAseq.g245.t1	Montipora_capitata_KBHIv3___RNAseq.g3798.t1
Montipora_capitata_KBHIv3___RNAseq.g23289.t2	Montipora_capitata_KBHIv3___RNAseq.g23290.t2
Montipora_capitata_KBHIv3___RNAseq.g12312.t1	Montipora_capitata_KBHIv3___RNAseq.g34197.t1
Montipora_capitata_KBHIv3___RNAseq.g8146.t1	Montipora_capitata_KBHIv3___RNAseq.g31434.t1
Montipora_capitata_KBHIv3___TS.g30828.t1	Montipora_capitata_KBHIv3___TS.g30826.t1
Montipora_capitata_KBHIv3___TS.g37521.t1	Montipora_capitata_KBHIv3___RNAseq.g40382.t1
Montipora_capitata_KBHIv3___RNAseq.g12319.t1	Montipora_capitata_KBHIv3___RNAseq.g15636.t1
Montipora_capitata_KBHIv3___RNAseq.g12319.t1	Montipora_capitata_KBHIv3___RNAseq.g19015.t1
Montipora_capitata_KBHIv3___RNAseq.g29011.t1	Montipora_capitata_KBHIv3___RNAseq.g29008.t1
Montipora_capitata_KBHIv3___RNAseq.g2715.t1	Montipora_capitata_KBHIv3___RNAseq.g2713.t1
Montipora_capitata_KBHIv3___RNAseq.g30217.t1	Montipora_capitata_KBHIv3___RNAseq.g7854.t1
Montipora_capitata_KBHIv3___RNAseq.g44381.t1	Montipora_capitata_KBHIv3___RNAseq.g3949.t1
Montipora_capitata_KBHIv3___RNAseq.g40782.t1	Montipora_capitata_KBHIv3___RNAseq.g40783.t1
Montipora_capitata_KBHIv3___TS.g16888.t1	Montipora_capitata_KBHIv3___RNAseq.g197.t1
Montipora_capitata_KBHIv3___RNAseq.g17481.t1	Montipora_capitata_KBHIv3___RNAseq.g42846.t1
Montipora_capitata_KBHIv3___RNAseq.g17481.t1	Montipora_capitata_KBHIv3___RNAseq.g47764.t1
Montipora_capitata_KBHIv3___RNAseq.g47361.t1	Montipora_capitata_KBHIv3___RNAseq.g47359.t1
Montipora_capitata_KBHIv3___RNAseq.g10426.t1	Montipora_capitata_KBHIv3___RNAseq.g3560.t1
Montipora_capitata_KBHIv3___RNAseq.g23331.t1	Montipora_capitata_KBHIv3___RNAseq.g18893.t1
Montipora_capitata_KBHIv3___RNAseq.g49981.t1	Montipora_capitata_KBHIv3___RNAseq.g49536.t1
Montipora_capitata_KBHIv3___RNAseq.g24274.t1	Montipora_capitata_KBHIv3___RNAseq.g32179.t1
Montipora_capitata_KBHIv3___RNAseq.g32753.t1	Montipora_capitata_KBHIv3___RNAseq.g3976.t1
Montipora_capitata_KBHIv3___RNAseq.g45600.t1	Montipora_capitata_KBHIv3___RNAseq.g45592.t1
Montipora_capitata_KBHIv3___RNAseq.g7728.t1	Montipora_capitata_KBHIv3___RNAseq.g7732.t1
Montipora_capitata_KBHIv3___RNAseq.g10478.t1	Montipora_capitata_KBHIv3___RNAseq.g10477.t1
Montipora_capitata_KBHIv3___RNAseq.g23617.t1	Montipora_capitata_KBHIv3___RNAseq.g27360.t1
Montipora_capitata_KBHIv3___RNAseq.g47358.t1	Montipora_capitata_KBHIv3___RNAseq.g47362.t1
Montipora_capitata_KBHIv3___RNAseq.g47358.t1	Montipora_capitata_KBHIv3___RNAseq.g47360.t1
Montipora_capitata_KBHIv3___RNAseq.g50105.t1	Montipora_capitata_KBHIv3___RNAseq.g50104.t1
Montipora_capitata_KBHIv3___RNAseq.g30776.t1	Montipora_capitata_KBHIv3___RNAseq.g25223.t1
Montipora_capitata_KBHIv3___RNAseq.g30776.t1	Montipora_capitata_KBHIv3___RNAseq.g6234.t1
Montipora_capitata_KBHIv3___RNAseq.g30776.t1	Montipora_capitata_KBHIv3___RNAseq.g25573.t1
Montipora_capitata_KBHIv3___RNAseq.g23959.t1	Montipora_capitata_KBHIv3___RNAseq.g12197.t1
Montipora_capitata_KBHIv3___RNAseq.5004_t	Montipora_capitata_KBHIv3___RNAseq.g10323.t1
Montipora_capitata_KBHIv3___RNAseq.g49460.t1	Montipora_capitata_KBHIv3___RNAseq.g11497.t1
Montipora_capitata_KBHIv3___RNAseq.g32049.t1	Montipora_capitata_KBHIv3___RNAseq.g6980.t1
Montipora_capitata_KBHIv3___RNAseq.g45810.t1	Montipora_capitata_KBHIv3___RNAseq.g12322.t1
Montipora_capitata_KBHIv3___RNAseq.g12025.t1	Montipora_capitata_KBHIv3___RNAseq.g12028.t1
Montipora_capitata_KBHIv3___TS.g25008.t1	Montipora_capitata_KBHIv3___TS.g25011.t1
Montipora_capitata_KBHIv3___RNAseq.g46655.t1	Montipora_capitata_KBHIv3___RNAseq.g50581.t1
Montipora_capitata_KBHIv3___RNAseq.g46655.t1	Montipora_capitata_KBHIv3___RNAseq.g10999.t2
Montipora_capitata_KBHIv3___RNAseq.g46655.t1	Montipora_capitata_KBHIv3___RNAseq.g13821.t1
Montipora_capitata_KBHIv3___RNAseq.g46655.t1	Montipora_capitata_KBHIv3___RNAseq.g37435.t1
Montipora_capitata_KBHIv3___RNAseq.g46655.t1	Montipora_capitata_KBHIv3___RNAseq.g34015.t1
Montipora_capitata_KBHIv3___RNAseq.g46655.t1	Montipora_capitata_KBHIv3___RNAseq.g41269.t1
Montipora_capitata_KBHIv3___RNAseq.g46655.t1	Montipora_capitata_KBHIv3___RNAseq.g11987.t1
Montipora_capitata_KBHIv3___TS.g32227.t1	Montipora_capitata_KBHIv3___TS.g25295.t1
Montipora_capitata_KBHIv3___RNAseq.g23817.t1	Montipora_capitata_KBHIv3___RNAseq.g45643.t1
Montipora_capitata_KBHIv3___RNAseq.g14163.t1	Montipora_capitata_KBHIv3___RNAseq.g14157.t1
Montipora_capitata_KBHIv3___RNAseq.g12262.t1	Montipora_capitata_KBHIv3___RNAseq.g7864.t1
Montipora_capitata_KBHIv3___RNAseq.g12262.t1	Montipora_capitata_KBHIv3___RNAseq.g12249.t1
Montipora_capitata_KBHIv3___RNAseq.g12262.t1	Montipora_capitata_KBHIv3___RNAseq.g45701.t1
Montipora_capitata_KBHIv3___RNAseq.g12262.t1	Montipora_capitata_KBHIv3___RNAseq.g12270.t1
Montipora_capitata_KBHIv3___RNAseq.g8498.t1	Montipora_capitata_KBHIv3___RNAseq.g4529.t1
Montipora_capitata_KBHIv3___RNAseq.g42853.t1	Montipora_capitata_KBHIv3___RNAseq.g42851.t1
Montipora_capitata_KBHIv3___TS.g37601.t1	Montipora_capitata_KBHIv3___TS.g14129.t1
Montipora_capitata_KBHIv3___RNAseq.g45903.t1	Montipora_capitata_KBHIv3___RNAseq.g44213.t1
Montipora_capitata_KBHIv3___RNAseq.g3799.t1	Montipora_capitata_KBHIv3___RNAseq.g3750.t1
Montipora_capitata_KBHIv3___RNAseq.g4293.t1	Montipora_capitata_KBHIv3___RNAseq.g19780.t1
Montipora_capitata_KBHIv3___TS.g21670.t1	Montipora_capitata_KBHIv3___TS.g21671.t1
Montipora_capitata_KBHIv3___RNAseq.g26901.t1	Montipora_capitata_KBHIv3___RNAseq.g26899.t1
Montipora_capitata_KBHIv3___RNAseq.g14781.t1	Montipora_capitata_KBHIv3___RNAseq.g7812.t1
Montipora_capitata_KBHIv3___TS.g19508.t1	Montipora_capitata_KBHIv3___TS.g41263.t1
Montipora_capitata_KBHIv3___RNAseq.g45697.t1	Montipora_capitata_KBHIv3___RNAseq.g12258.t1
Montipora_capitata_KBHIv3___RNAseq.g45697.t1	Montipora_capitata_KBHIv3___RNAseq.g12245.t1
Montipora_capitata_KBHIv3___RNAseq.g45697.t1	Montipora_capitata_KBHIv3___RNAseq.g12266.t1
Montipora_capitata_KBHIv3___RNAseq.g31459.t1	Montipora_capitata_KBHIv3___RNAseq.g22878.t1
Montipora_capitata_KBHIv3___RNAseq.g29143.t1	Montipora_capitata_KBHIv3___RNAseq.g29144.t1
Montipora_capitata_KBHIv3___TS.g44609.t1	Montipora_capitata_KBHIv3___RNAseq.g13109.t1
Montipora_capitata_KBHIv3___TS.g19770.t1	Montipora_capitata_KBHIv3___TS.g12185.t1
Montipora_capitata_KBHIv3___RNAseq.g22150.t1	Montipora_capitata_KBHIv3___RNAseq.g23008.t1
Montipora_capitata_KBHIv3___RNAseq.g8338.t1	Montipora_capitata_KBHIv3___RNAseq.g3771.t1
Montipora_capitata_KBHIv3___RNAseq.g29716.t1	Montipora_capitata_KBHIv3___RNAseq.g3550.t1
Montipora_capitata_KBHIv3___TS.g7758.t1	Montipora_capitata_KBHIv3___TS.g7759.t1
Montipora_capitata_KBHIv3___RNAseq.g18067.t1	Montipora_capitata_KBHIv3___RNAseq.g27427.t1
Montipora_capitata_KBHIv3___RNAseq.g3475.t1	Montipora_capitata_KBHIv3___RNAseq.g20961.t1
Montipora_capitata_KBHIv3___RNAseq.g3475.t1	Montipora_capitata_KBHIv3___RNAseq.g48648.t1
Montipora_capitata_KBHIv3___RNAseq.g3475.t1	Montipora_capitata_KBHIv3___RNAseq.g46146.t1
Montipora_capitata_KBHIv3___RNAseq.g3475.t1	Montipora_capitata_KBHIv3___RNAseq.g45434.t1
Montipora_capitata_KBHIv3___RNAseq.g3475.t1	Montipora_capitata_KBHIv3___RNAseq.g31214.t1
Montipora_capitata_KBHIv3___RNAseq.g3475.t1	Montipora_capitata_KBHIv3___RNAseq.g30802.t1
Montipora_capitata_KBHIv3___RNAseq.g3475.t1	Montipora_capitata_KBHIv3___RNAseq.g25404.t1
Montipora_capitata_KBHIv3___RNAseq.g3475.t1	Montipora_capitata_KBHIv3___RNAseq.g32628.t1
Montipora_capitata_KBHIv3___RNAseq.g3475.t1	Montipora_capitata_KBHIv3___RNAseq.g46899.t1
Montipora_capitata_KBHIv3___RNAseq.g3475.t1	Montipora_capitata_KBHIv3___RNAseq.g35154.t1
Montipora_capitata_KBHIv3___RNAseq.g3475.t1	Montipora_capitata_KBHIv3___RNAseq.g814.t1
Montipora_capitata_KBHIv3___RNAseq.g39990.t1	Montipora_capitata_KBHIv3___RNAseq.g39624.t1
Montipora_capitata_KBHIv3___RNAseq.g32388.t1	Montipora_capitata_KBHIv3___RNAseq.g32387.t1
Montipora_capitata_KBHIv3___RNAseq.g4416.t1	Montipora_capitata_KBHIv3___RNAseq.g4433.t1
Montipora_capitata_KBHIv3___RNAseq.g4416.t1	Montipora_capitata_KBHIv3___RNAseq.g29602.t1
Montipora_capitata_KBHIv3___RNAseq.g3593.t1	Montipora_capitata_KBHIv3___RNAseq.g44735.t1
Montipora_capitata_KBHIv3___RNAseq.g14062.t1	Montipora_capitata_KBHIv3___RNAseq.g4569.t1
Montipora_capitata_KBHIv3___RNAseq.g7695.t1	Montipora_capitata_KBHIv3___RNAseq.g1106.t1
Montipora_capitata_KBHIv3___RNAseq.g40206.t1	Montipora_capitata_KBHIv3___TS.g42002.t1
Montipora_capitata_KBHIv3___RNAseq.g4336.t1	Montipora_capitata_KBHIv3___RNAseq.40867_t
Montipora_capitata_KBHIv3___RNAseq.g4336.t1	Montipora_capitata_KBHIv3___RNAseq.g8325.t1
Montipora_capitata_KBHIv3___RNAseq.g12248.t1	Montipora_capitata_KBHIv3___RNAseq.g45700.t1
Montipora_capitata_KBHIv3___RNAseq.g12248.t1	Montipora_capitata_KBHIv3___RNAseq.g12261.t1
Montipora_capitata_KBHIv3___RNAseq.g12248.t1	Montipora_capitata_KBHIv3___RNAseq.g12269.t1
Montipora_capitata_KBHIv3___RNAseq.g34893.t1	Montipora_capitata_KBHIv3___RNAseq.g224.t1
Montipora_capitata_KBHIv3___TS.g27170.t1	Montipora_capitata_KBHIv3___TS.g14271.t1
Montipora_capitata_KBHIv3___RNAseq.g8323.t1	Montipora_capitata_KBHIv3___RNAseq.g7588.t1
Montipora_capitata_KBHIv3___TS.g34907.t1	Montipora_capitata_KBHIv3___TS.g34905.t1
Montipora_capitata_KBHIv3___RNAseq.g35650.t1	Montipora_capitata_KBHIv3___RNAseq.g35647.t1
Montipora_capitata_KBHIv3___RNAseq.g14800.t1	Montipora_capitata_KBHIv3___RNAseq.g14802.t1
Montipora_capitata_KBHIv3___TS.g28167.t1	Montipora_capitata_KBHIv3___TS.g42646.t1
Montipora_capitata_KBHIv3___TS.g28167.t1	Montipora_capitata_KBHIv3___TS.g29072.t1
Montipora_capitata_KBHIv3___TS.g28167.t1	Montipora_capitata_KBHIv3___TS.g10035.t1
Montipora_capitata_KBHIv3___TS.g28167.t1	Montipora_capitata_KBHIv3___TS.g22711.t1
Montipora_capitata_KBHIv3___TS.g28167.t1	Montipora_capitata_KBHIv3___TS.g4911.t1
Montipora_capitata_KBHIv3___TS.g28167.t1	Montipora_capitata_KBHIv3___TS.g27124.t1
Montipora_capitata_KBHIv3___TS.g28167.t1	Montipora_capitata_KBHIv3___TS.g45966.t1
Montipora_capitata_KBHIv3___TS.g28167.t1	Montipora_capitata_KBHIv3___TS.g22550.t1
Montipora_capitata_KBHIv3___RNAseq.g23176.t1	Montipora_capitata_KBHIv3___RNAseq.g23175.t1
Montipora_capitata_KBHIv3___RNAseq.g7962.t1	Montipora_capitata_KBHIv3___RNAseq.g45.t1
Montipora_capitata_KBHIv3___RNAseq.g7962.t1	Montipora_capitata_KBHIv3___RNAseq.g3777.t1
Montipora_capitata_KBHIv3___RNAseq.g7962.t1	Montipora_capitata_KBHIv3___RNAseq.g3780.t1
Montipora_capitata_KBHIv3___RNAseq.g7962.t1	Montipora_capitata_KBHIv3___RNAseq.g29758.t1
Montipora_capitata_KBHIv3___RNAseq.g7962.t1	Montipora_capitata_KBHIv3___RNAseq.g45785.t1
Montipora_capitata_KBHIv3___RNAseq.g5206.t1	Montipora_capitata_KBHIv3___RNAseq.g5205.t1
Montipora_capitata_KBHIv3___RNAseq.g47789.t1	Montipora_capitata_KBHIv3___RNAseq.g47793.t1
Montipora_capitata_KBHIv3___RNAseq.g47789.t1	Montipora_capitata_KBHIv3___RNAseq.g47795.t1
Montipora_capitata_KBHIv3___RNAseq.g47789.t1	Montipora_capitata_KBHIv3___RNAseq.g47791.t1
Montipora_capitata_KBHIv3___RNAseq.g18874.t1	Montipora_capitata_KBHIv3___RNAseq.g18875.t1
Montipora_capitata_KBHIv3___RNAseq.g36493.t1	Montipora_capitata_KBHIv3___RNAseq.g36508.t1
Montipora_capitata_KBHIv3___RNAseq.g39631.t1	Montipora_capitata_KBHIv3___RNAseq.g40199.t1
Montipora_capitata_KBHIv3___RNAseq.g26942.t1	Montipora_capitata_KBHIv3___RNAseq.g46454.t1
Montipora_capitata_KBHIv3___RNAseq.g15456.t1	Montipora_capitata_KBHIv3___RNAseq.g4057.t1
Montipora_capitata_KBHIv3___RNAseq.g11761.t1	Montipora_capitata_KBHIv3___RNAseq.g13.t1
Montipora_capitata_KBHIv3___RNAseq.g34792.t1	Montipora_capitata_KBHIv3___RNAseq.g841.t1
Montipora_capitata_KBHIv3___RNAseq.g34792.t1	Montipora_capitata_KBHIv3___RNAseq.g45746.t1
Montipora_capitata_KBHIv3___RNAseq.g34792.t1	Montipora_capitata_KBHIv3___RNAseq.g854.t1
Montipora_capitata_KBHIv3___RNAseq.g18822.t1	Montipora_capitata_KBHIv3___RNAseq.g2485.t1
Montipora_capitata_KBHIv3___RNAseq.g27346.t1	Montipora_capitata_KBHIv3___RNAseq.g7711.t1
Montipora_capitata_KBHIv3___RNAseq.g27346.t1	Montipora_capitata_KBHIv3___TS.g23457.t1
Montipora_capitata_KBHIv3___RNAseq.g27346.t1	Montipora_capitata_KBHIv3___TS.g45441.t1
Montipora_capitata_KBHIv3___RNAseq.g27346.t1	Montipora_capitata_KBHIv3___RNAseq.g40299.t1
Montipora_capitata_KBHIv3___RNAseq.g27346.t1	Montipora_capitata_KBHIv3___RNAseq.g40213.t1
Montipora_capitata_KBHIv3___TS.g10043.t1	Montipora_capitata_KBHIv3___TS.g10045.t1
Montipora_capitata_KBHIv3___RNAseq.g50175.t1	Montipora_capitata_KBHIv3___RNAseq.g50171.t1
Montipora_capitata_KBHIv3___TS.g20020.t1	Montipora_capitata_KBHIv3___RNAseq.g3515.t1
Montipora_capitata_KBHIv3___RNAseq.g41111.t1	Montipora_capitata_KBHIv3___RNAseq.g21696.t1
Montipora_capitata_KBHIv3___RNAseq.g6289.t1c	Montipora_capitata_KBHIv3___RNAseq.g22195.t1c
Montipora_capitata_KBHIv3___RNAseq.g23784.t1	Montipora_capitata_KBHIv3___RNAseq.g18754.t1
Montipora_capitata_KBHIv3___RNAseq.g23784.t1	Montipora_capitata_KBHIv3___RNAseq.g18750.t1
Montipora_capitata_KBHIv3___RNAseq.g23784.t1	Montipora_capitata_KBHIv3___RNAseq.g4003.t1
Montipora_capitata_KBHIv3___RNAseq.g38322.t1	Montipora_capitata_KBHIv3___RNAseq.g38304.t1
Montipora_capitata_KBHIv3___RNAseq.g32596.t1	Montipora_capitata_KBHIv3___RNAseq.g32594.t1
Montipora_capitata_KBHIv3___RNAseq.g32596.t1	Montipora_capitata_KBHIv3___RNAseq.g32615.t1
Montipora_capitata_KBHIv3___RNAseq.g38757.t1	Montipora_capitata_KBHIv3___RNAseq.g27537.t1
Montipora_capitata_KBHIv3___RNAseq.g7074.t1	Montipora_capitata_KBHIv3___RNAseq.g398.t1
Montipora_capitata_KBHIv3___RNAseq.g35613.t1	Montipora_capitata_KBHIv3___RNAseq.g4227.t1
Montipora_capitata_KBHIv3___RNAseq.g46515.t1	Montipora_capitata_KBHIv3___RNAseq.g46514.t1
Montipora_capitata_KBHIv3___RNAseq.g16854.t1	Montipora_capitata_KBHIv3___RNAseq.g16858.t1
Montipora_capitata_KBHIv3___RNAseq.g11284.t1	Montipora_capitata_KBHIv3___RNAseq.g11383.t1
Montipora_capitata_KBHIv3___RNAseq.g11046.t1	Montipora_capitata_KBHIv3___RNAseq.g11048.t1
Montipora_capitata_KBHIv3___RNAseq.g1588.t1	Montipora_capitata_KBHIv3___RNAseq.g44393.t1
Montipora_capitata_KBHIv3___RNAseq.g50601.t1	Montipora_capitata_KBHIv3___RNAseq.g50602.t1
Montipora_capitata_KBHIv3___RNAseq.g41123.t1	Montipora_capitata_KBHIv3___RNAseq.g41121.t1
Montipora_capitata_KBHIv3___RNAseq.g39818.t1	Montipora_capitata_KBHIv3___RNAseq.g39817.t1
Montipora_capitata_KBHIv3___RNAseq.g4294.t1	Montipora_capitata_KBHIv3___RNAseq.g6543.t1
Montipora_capitata_KBHIv3___RNAseq.g4294.t1	Montipora_capitata_KBHIv3___RNAseq.g6522.t1
Montipora_capitata_KBHIv3___RNAseq.g36212.t1	Montipora_capitata_KBHIv3___RNAseq.g36209.t1
Montipora_capitata_KBHIv3___TS.g42160.t1	Montipora_capitata_KBHIv3___TS.g42161.t1
Montipora_capitata_KBHIv3___RNAseq.g500.t1	Montipora_capitata_KBHIv3___RNAseq.g34769.t1
Montipora_capitata_KBHIv3___RNAseq.g40314.t1	Montipora_capitata_KBHIv3___RNAseq.g49466.t1
Montipora_capitata_KBHIv3___RNAseq.g14414.t1	Montipora_capitata_KBHIv3___RNAseq.g46283.t1
Montipora_capitata_KBHIv3___RNAseq.g14414.t1	Montipora_capitata_KBHIv3___RNAseq.g50512.t1
Montipora_capitata_KBHIv3___RNAseq.g23327.t1	Montipora_capitata_KBHIv3___RNAseq.g18892.t1
Montipora_capitata_KBHIv3___RNAseq.g23327.t1	Montipora_capitata_KBHIv3___RNAseq.g23330.t1
Montipora_capitata_KBHIv3___RNAseq.g31073.t1	Montipora_capitata_KBHIv3___RNAseq.g31075.t1
Montipora_capitata_KBHIv3___RNAseq.g12917.t1	Montipora_capitata_KBHIv3___RNAseq.g41511.t1
Montipora_capitata_KBHIv3___RNAseq.g29893.t1	Montipora_capitata_KBHIv3___RNAseq.g4506.t1
Montipora_capitata_KBHIv3___RNAseq.g29893.t1	Montipora_capitata_KBHIv3___RNAseq.g7982.t1
Montipora_capitata_KBHIv3___RNAseq.g2213.t1	Montipora_capitata_KBHIv3___RNAseq.g2211.t1
Montipora_capitata_KBHIv3___RNAseq.g8410.t1	Montipora_capitata_KBHIv3___RNAseq.g4064.t1
Montipora_capitata_KBHIv3___RNAseq.g8410.t1	Montipora_capitata_KBHIv3___RNAseq.g4370.t1
Montipora_capitata_KBHIv3___RNAseq.g10224.t1	Montipora_capitata_KBHIv3___RNAseq.g10227.t1
Montipora_capitata_KBHIv3___RNAseq.g23673.t1	Montipora_capitata_KBHIv3___RNAseq.g3835.t1
Montipora_capitata_KBHIv3___RNAseq.g30631.t1	Montipora_capitata_KBHIv3___RNAseq.g9869.t1
Montipora_capitata_KBHIv3___RNAseq.g18917.t1	Montipora_capitata_KBHIv3___RNAseq.g18920.t1
Montipora_capitata_KBHIv3___RNAseq.g22193.t1	Montipora_capitata_KBHIv3___RNAseq.g22195.t1a
Montipora_capitata_KBHIv3___RNAseq.g47142.t1	Montipora_capitata_KBHIv3___RNAseq.g47145.t1
Montipora_capitata_KBHIv3___RNAseq.g18852.t1	Montipora_capitata_KBHIv3___RNAseq.g4008.t1
Montipora_capitata_KBHIv3___RNAseq.g33942.t1	Montipora_capitata_KBHIv3___RNAseq.g209.t1
Montipora_capitata_KBHIv3___RNAseq.g27217.t1	Montipora_capitata_KBHIv3___RNAseq.g15367.t1
Montipora_capitata_KBHIv3___RNAseq.g44404.t1	Montipora_capitata_KBHIv3___RNAseq.g23794.t1
Montipora_capitata_KBHIv3___RNAseq.g20205.t1	Montipora_capitata_KBHIv3___RNAseq.g20203.t1
Montipora_capitata_KBHIv3___RNAseq.g13067.t1	Montipora_capitata_KBHIv3___RNAseq.g13063.t1
Montipora_capitata_KBHIv3___RNAseq.g12271.t1	Montipora_capitata_KBHIv3___RNAseq.g12263.t1
Montipora_capitata_KBHIv3___RNAseq.g12271.t1	Montipora_capitata_KBHIv3___RNAseq.g45702.t1
Montipora_capitata_KBHIv3___RNAseq.g12271.t1	Montipora_capitata_KBHIv3___RNAseq.g7863.t1
Montipora_capitata_KBHIv3___TS.g25672.t1	Montipora_capitata_KBHIv3___TS.g25670.t1
Montipora_capitata_KBHIv3___RNAseq.g33032.t1	Montipora_capitata_KBHIv3___RNAseq.g50495.t1
Montipora_capitata_KBHIv3___RNAseq.g45166.t1	Montipora_capitata_KBHIv3___RNAseq.g12328.t1
Montipora_capitata_KBHIv3___RNAseq.g45166.t1	Montipora_capitata_KBHIv3___RNAseq.g14604.t1
Montipora_capitata_KBHIv3___RNAseq.g45166.t1	Montipora_capitata_KBHIv3___RNAseq.g29774.t1
Montipora_capitata_KBHIv3___RNAseq.g45166.t1	Montipora_capitata_KBHIv3___RNAseq.g46606.t1
Montipora_capitata_KBHIv3___RNAseq.g45166.t1	Montipora_capitata_KBHIv3___RNAseq.g7162.t1
Montipora_capitata_KBHIv3___RNAseq.g45166.t1	Montipora_capitata_KBHIv3___RNAseq.g19750.t1
Montipora_capitata_KBHIv3___RNAseq.g45166.t1	Montipora_capitata_KBHIv3___RNAseq.g24431.t1
Montipora_capitata_KBHIv3___RNAseq.g23837.t1	Montipora_capitata_KBHIv3___RNAseq.g8253.t1
Montipora_capitata_KBHIv3___TS.g3546.t1	Montipora_capitata_KBHIv3___TS.g26101.t1
Montipora_capitata_KBHIv3___RNAseq.g47493.t1	Montipora_capitata_KBHIv3___RNAseq.g47494.t1
Montipora_capitata_KBHIv3___RNAseq.g38949.t1	Montipora_capitata_KBHIv3___RNAseq.g38947.t1
Montipora_capitata_KBHIv3___RNAseq.g18432.t1	Montipora_capitata_KBHIv3___RNAseq.g40131.t1
Montipora_capitata_KBHIv3___TS.g2369.t1	Montipora_capitata_KBHIv3___TS.g10266.t1
Montipora_capitata_KBHIv3___TS.g2369.t1	Montipora_capitata_KBHIv3___TS.g17687.t1
Montipora_capitata_KBHIv3___TS.g2369.t1	Montipora_capitata_KBHIv3___TS.g4926.t1
Montipora_capitata_KBHIv3___RNAseq.g18860.t1	Montipora_capitata_KBHIv3___RNAseq.g25703.t1
Montipora_capitata_KBHIv3___TS.g38698.t1	Montipora_capitata_KBHIv3___TS.g38696.t1
Montipora_capitata_KBHIv3___TS.g38698.t1	Montipora_capitata_KBHIv3___TS.g38699.t1
Montipora_capitata_KBHIv3___RNAseq.g38885.t1	Montipora_capitata_KBHIv3___RNAseq.g38884.t1
Montipora_capitata_KBHIv3___RNAseq.g11175.t1	Montipora_capitata_KBHIv3___RNAseq.g11208.t1
Montipora_capitata_KBHIv3___RNAseq.g32893.t1	Montipora_capitata_KBHIv3___RNAseq.g44544.t1
Montipora_capitata_KBHIv3___RNAseq.g40068.t1	Montipora_capitata_KBHIv3___RNAseq.g50035.t1
Montipora_capitata_KBHIv3___RNAseq.g3792.t1	Montipora_capitata_KBHIv3___RNAseq.g35435.t1
Montipora_capitata_KBHIv3___RNAseq.g46492.t1	Montipora_capitata_KBHIv3___RNAseq.g46494.t1
Montipora_capitata_KBHIv3___RNAseq.g17631.t1	Montipora_capitata_KBHIv3___RNAseq.g17634.t1
Montipora_capitata_KBHIv3___TS.g39000.t1	Montipora_capitata_KBHIv3___TS.g33063.t1
Montipora_capitata_KBHIv3___TS.g39000.t1	Montipora_capitata_KBHIv3___TS.g15106.t1
Montipora_capitata_KBHIv3___TS.g39000.t1	Montipora_capitata_KBHIv3___TS.g24685.t1
Montipora_capitata_KBHIv3___TS.g39000.t1	Montipora_capitata_KBHIv3___TS.g43469.t1
Montipora_capitata_KBHIv3___TS.g39000.t1	Montipora_capitata_KBHIv3___TS.g34174.t1
Montipora_capitata_KBHIv3___RNAseq.g44010.t1	Montipora_capitata_KBHIv3___RNAseq.g44009.t1
Montipora_capitata_KBHIv3___RNAseq.g3758.t1	Montipora_capitata_KBHIv3___RNAseq.g34846.t1
Montipora_capitata_KBHIv3___RNAseq.g3758.t1	Montipora_capitata_KBHIv3___RNAseq.g11281.t1
Montipora_capitata_KBHIv3___RNAseq.g18806.t1	Montipora_capitata_KBHIv3___RNAseq.g43673.t1
Montipora_capitata_KBHIv3___RNAseq.g45291.t1	Montipora_capitata_KBHIv3___RNAseq.g45290.t1
Montipora_capitata_KBHIv3___TS.g32969.t1	Montipora_capitata_KBHIv3___TS.g32973.t1
Montipora_capitata_KBHIv3___TS.g32969.t1	Montipora_capitata_KBHIv3___TS.g32966.t1
Montipora_capitata_KBHIv3___RNAseq.g14627.t1	Montipora_capitata_KBHIv3___RNAseq.g14630.t1
Montipora_capitata_KBHIv3___RNAseq.g38770.t1	Montipora_capitata_KBHIv3___TS.g45256.t1
Montipora_capitata_KBHIv3___RNAseq.g8160.t1	Montipora_capitata_KBHIv3___RNAseq.g328.t1
Montipora_capitata_KBHIv3___RNAseq.g29341.t1	Montipora_capitata_KBHIv3___RNAseq.g29343.t1
Montipora_capitata_KBHIv3___RNAseq.g27496.t1	Montipora_capitata_KBHIv3___RNAseq.g38688.t1
Montipora_capitata_KBHIv3___RNAseq.g33420.t1	Montipora_capitata_KBHIv3___RNAseq.g33423.t1
Montipora_capitata_KBHIv3___TS.g12368.t1	Montipora_capitata_KBHIv3___TS.g12369.t1
Montipora_capitata_KBHIv3___RNAseq.g12904.t1	Montipora_capitata_KBHIv3___RNAseq.g22500.t1
Montipora_capitata_KBHIv3___RNAseq.g12904.t1	Montipora_capitata_KBHIv3___RNAseq.g24160.t1
Montipora_capitata_KBHIv3___RNAseq.g12904.t1	Montipora_capitata_KBHIv3___RNAseq.g3689.t1
Montipora_capitata_KBHIv3___RNAseq.g29230.t1	Montipora_capitata_KBHIv3___RNAseq.g29228.t1
Montipora_capitata_KBHIv3___RNAseq.g29230.t1	Montipora_capitata_KBHIv3___RNAseq.g29232.t1
Montipora_capitata_KBHIv3___RNAseq.g37442.t1	Montipora_capitata_KBHIv3___RNAseq.g4089.t1
Montipora_capitata_KBHIv3___TS.g38397.t1	Montipora_capitata_KBHIv3___RNAseq.g29333.t1
Montipora_capitata_KBHIv3___TS.g38397.t1	Montipora_capitata_KBHIv3___RNAseq.g3465.t1
Montipora_capitata_KBHIv3___RNAseq.g12808.t1	Montipora_capitata_KBHIv3___RNAseq.g6529.t1
Montipora_capitata_KBHIv3___RNAseq.g35899.t1	Montipora_capitata_KBHIv3___RNAseq.g35901.t1
Montipora_capitata_KBHIv3___RNAseq.g35899.t1	Montipora_capitata_KBHIv3___RNAseq.g23856.t1
Montipora_capitata_KBHIv3___RNAseq.g28440.t1	Montipora_capitata_KBHIv3___RNAseq.g28442.t1
Montipora_capitata_KBHIv3___RNAseq.g6041.t1	Montipora_capitata_KBHIv3___RNAseq.g6039.t1
Montipora_capitata_KBHIv3___RNAseq.g45835.t1	Montipora_capitata_KBHIv3___RNAseq.g27289.t1
Montipora_capitata_KBHIv3___RNAseq.g17941.t1	Montipora_capitata_KBHIv3___TS.g20139.t1
Montipora_capitata_KBHIv3___RNAseq.g17941.t1	Montipora_capitata_KBHIv3___RNAseq.g31593.t1
Montipora_capitata_KBHIv3___RNAseq.g17216.t1	Montipora_capitata_KBHIv3___RNAseq.g17213.t1
Montipora_capitata_KBHIv3___RNAseq.g39467.t1	Montipora_capitata_KBHIv3___RNAseq.g39478.t1
Montipora_capitata_KBHIv3___RNAseq.g43659.t1	Montipora_capitata_KBHIv3___RNAseq.g43662.t1
Montipora_capitata_KBHIv3___RNAseq.g40295.t1	Montipora_capitata_KBHIv3___RNAseq.g10197.t1
Montipora_capitata_KBHIv3___RNAseq.g40295.t1	Montipora_capitata_KBHIv3___RNAseq.g4126.t1
Montipora_capitata_KBHIv3___RNAseq.g40295.t1	Montipora_capitata_KBHIv3___RNAseq.g27278.t1
Montipora_capitata_KBHIv3___RNAseq.g44195.t1	Montipora_capitata_KBHIv3___RNAseq.g19195.t1
Montipora_capitata_KBHIv3___RNAseq.g927.t2	Montipora_capitata_KBHIv3___RNAseq.g31796.t1a
Montipora_capitata_KBHIv3___RNAseq.g8304.t1	Montipora_capitata_KBHIv3___RNAseq.g48.t1
Montipora_capitata_KBHIv3___RNAseq.g46734.t1	Montipora_capitata_KBHIv3___RNAseq.g46733.t1
Montipora_capitata_KBHIv3___RNAseq.g33944.t1	Montipora_capitata_KBHIv3___RNAseq.g33954.t1
Montipora_capitata_KBHIv3___RNAseq.g45628.t1	Montipora_capitata_KBHIv3___RNAseq.g7826.t1
Montipora_capitata_KBHIv3___RNAseq.g37314.t1	Montipora_capitata_KBHIv3___RNAseq.g37315.t1
Montipora_capitata_KBHIv3___TS.g20378.t1	Montipora_capitata_KBHIv3___TS.g30216.t1
Montipora_capitata_KBHIv3___RNAseq.g12176.t1	Montipora_capitata_KBHIv3___RNAseq.g37581.t1
Montipora_capitata_KBHIv3___RNAseq.g22882.t1	Montipora_capitata_KBHIv3___RNAseq.g33788.t1
Montipora_capitata_KBHIv3___RNAseq.g26213.t1	Montipora_capitata_KBHIv3___RNAseq.g26216.t1
Montipora_capitata_KBHIv3___TS.g43039.t1	Montipora_capitata_KBHIv3___TS.g6608.t1
Montipora_capitata_KBHIv3___RNAseq.40923_t	Montipora_capitata_KBHIv3___RNAseq.g41397.t1
Montipora_capitata_KBHIv3___RNAseq.40923_t	Montipora_capitata_KBHIv3___TS.g18668.t1
Montipora_capitata_KBHIv3___RNAseq.g3858.t1	Montipora_capitata_KBHIv3___TS.g23868.t1
Montipora_capitata_KBHIv3___RNAseq.g42480.t1	Montipora_capitata_KBHIv3___RNAseq.g42482.t1
Montipora_capitata_KBHIv3___TS.g13142.t1	Montipora_capitata_KBHIv3___TS.g41404.t1
Montipora_capitata_KBHIv3___TS.g14045.t1	Montipora_capitata_KBHIv3___TS.g13949.t1
Montipora_capitata_KBHIv3___RNAseq.13459_t	Montipora_capitata_KBHIv3___RNAseq.13461_t
Montipora_capitata_KBHIv3___TS.g45072.t1	Montipora_capitata_KBHIv3___TS.g14303.t1
Montipora_capitata_KBHIv3___RNAseq.g18646.t1	Montipora_capitata_KBHIv3___RNAseq.g12415.t1
Montipora_capitata_KBHIv3___TS.g389.t1	Montipora_capitata_KBHIv3___TS.g391.t1
Montipora_capitata_KBHIv3___TS.g389.t1	Montipora_capitata_KBHIv3___TS.g390.t1
Montipora_capitata_KBHIv3___RNAseq.g34529.t1	Montipora_capitata_KBHIv3___RNAseq.g2.t1
Montipora_capitata_KBHIv3___RNAseq.g4423.t1	Montipora_capitata_KBHIv3___RNAseq.g4120.t1
Montipora_capitata_KBHIv3___RNAseq.g29231.t1	Montipora_capitata_KBHIv3___RNAseq.g29233.t1
Montipora_capitata_KBHIv3___RNAseq.g29231.t1	Montipora_capitata_KBHIv3___RNAseq.g29229.t1
Montipora_capitata_KBHIv3___RNAseq.g29231.t1	Montipora_capitata_KBHIv3___RNAseq.g29227.t1
Montipora_capitata_KBHIv3___TS.g37500.t1	Montipora_capitata_KBHIv3___TS.g101.t1
Montipora_capitata_KBHIv3___RNAseq.g34783.t1	Montipora_capitata_KBHIv3___RNAseq.g34781.t1
Montipora_capitata_KBHIv3___RNAseq.g34783.t1	Montipora_capitata_KBHIv3___RNAseq.g3981.t1
Montipora_capitata_KBHIv3___RNAseq.g7819.t1	Montipora_capitata_KBHIv3___RNAseq.g18207.t1
Montipora_capitata_KBHIv3___RNAseq.g11206.t1	Montipora_capitata_KBHIv3___RNAseq.g11262.t1
Montipora_capitata_KBHIv3___TS.g135.t1	Montipora_capitata_KBHIv3___TS.g136.t1
Montipora_capitata_KBHIv3___TS.g135.t1	Montipora_capitata_KBHIv3___TS.g19298.t1
Montipora_capitata_KBHIv3___RNAseq.g23060.t1	Montipora_capitata_KBHIv3___RNAseq.g27253.t1
Montipora_capitata_KBHIv3___RNAseq.g12260.t1	Montipora_capitata_KBHIv3___RNAseq.g12268.t1
Montipora_capitata_KBHIv3___RNAseq.g12260.t1	Montipora_capitata_KBHIv3___RNAseq.g45699.t1
Montipora_capitata_KBHIv3___RNAseq.g12260.t1	Montipora_capitata_KBHIv3___RNAseq.g12247.t1
Montipora_capitata_KBHIv3___RNAseq.g11340.t1	Montipora_capitata_KBHIv3___RNAseq.g45834.t1
Montipora_capitata_KBHIv3___RNAseq.g15438.t1	Montipora_capitata_KBHIv3___RNAseq.g4049.t1
Montipora_capitata_KBHIv3___RNAseq.g38150.t1	Montipora_capitata_KBHIv3___RNAseq.40163_t
Montipora_capitata_KBHIv3___RNAseq.g3958.t1	Montipora_capitata_KBHIv3___RNAseq.g50576.t1
Montipora_capitata_KBHIv3___RNAseq.g2496.t1	Montipora_capitata_KBHIv3___RNAseq.g2500.t1
Montipora_capitata_KBHIv3___TS.g45980.t1	Montipora_capitata_KBHIv3___RNAseq.g44851.t1
Montipora_capitata_KBHIv3___RNAseq.g3848.t1	Montipora_capitata_KBHIv3___RNAseq.g12395.t1
Montipora_capitata_KBHIv3___RNAseq.g4052.t1	Montipora_capitata_KBHIv3___RNAseq.g15463.t1
Montipora_capitata_KBHIv3___RNAseq.g4052.t1	Montipora_capitata_KBHIv3___RNAseq.g39128.t1
Montipora_capitata_KBHIv3___RNAseq.g4052.t1	Montipora_capitata_KBHIv3___RNAseq.g15435.t1
Montipora_capitata_KBHIv3___RNAseq.g40083.t1	Montipora_capitata_KBHIv3___RNAseq.g14639.t1
Montipora_capitata_KBHIv3___RNAseq.g19008.t1	Montipora_capitata_KBHIv3___RNAseq.g29817.t1
Montipora_capitata_KBHIv3___RNAseq.g39309.t1	Montipora_capitata_KBHIv3___RNAseq.g39311.t1
Montipora_capitata_KBHIv3___RNAseq.g30201.t1	Montipora_capitata_KBHIv3___RNAseq.g30200.t1
Montipora_capitata_KBHIv3___RNAseq.g13937.t1	Montipora_capitata_KBHIv3___RNAseq.g13940.t1
Montipora_capitata_KBHIv3___RNAseq.g21045.t1	Montipora_capitata_KBHIv3___RNAseq.g21046.t1
Montipora_capitata_KBHIv3___TS.g39420.t1	Montipora_capitata_KBHIv3___RNAseq.g1910.t1
Montipora_capitata_KBHIv3___RNAseq.g10921.t1	Montipora_capitata_KBHIv3___RNAseq.g42531.t1
Montipora_capitata_KBHIv3___RNAseq.g10921.t1	Montipora_capitata_KBHIv3___RNAseq.g31775.t1
Montipora_capitata_KBHIv3___RNAseq.g12244.t1	Montipora_capitata_KBHIv3___RNAseq.g12257.t1
Montipora_capitata_KBHIv3___RNAseq.g45752.t1	Montipora_capitata_KBHIv3___RNAseq.g40211.t1
Montipora_capitata_KBHIv3___RNAseq.g24870.t1	Montipora_capitata_KBHIv3___RNAseq.g24868.t1
Montipora_capitata_KBHIv3___RNAseq.g47939.t1	Montipora_capitata_KBHIv3___RNAseq.g36633.t1
Montipora_capitata_KBHIv3___RNAseq.g47939.t1	Montipora_capitata_KBHIv3___RNAseq.g16557.t1
Montipora_capitata_KBHIv3___RNAseq.g4520.t1	Montipora_capitata_KBHIv3___RNAseq.g27468.t1
Montipora_capitata_KBHIv3___RNAseq.g4520.t1	Montipora_capitata_KBHIv3___RNAseq.g27464.t1
Montipora_capitata_KBHIv3___RNAseq.g23857.t1	Montipora_capitata_KBHIv3___RNAseq.g3621.t1
Montipora_capitata_KBHIv3___RNAseq.20728_t	Montipora_capitata_KBHIv3___RNAseq.g43188.t1
Montipora_capitata_KBHIv3___RNAseq.g18038.t1	Montipora_capitata_KBHIv3___TS.g1693.t1
Montipora_capitata_KBHIv3___RNAseq.g18038.t1	Montipora_capitata_KBHIv3___RNAseq.g23839.t1
Montipora_capitata_KBHIv3___RNAseq.g18038.t1	Montipora_capitata_KBHIv3___TS.g13925.t1
Montipora_capitata_KBHIv3___RNAseq.g26850.t1	Montipora_capitata_KBHIv3___RNAseq.g40037.t1
Montipora_capitata_KBHIv3___RNAseq.g7720.t1	Montipora_capitata_KBHIv3___RNAseq.g24013.t1
Montipora_capitata_KBHIv3___RNAseq.g32243.t1	Montipora_capitata_KBHIv3___RNAseq.g32244.t1
Montipora_capitata_KBHIv3___RNAseq.g40060.t1	Montipora_capitata_KBHIv3___RNAseq.g6313.t1
Montipora_capitata_KBHIv3___TS.g35284.t1	Montipora_capitata_KBHIv3___TS.g47582.t1
Montipora_capitata_KBHIv3___RNAseq.g19753.t1	Montipora_capitata_KBHIv3___RNAseq.g40231.t1
Montipora_capitata_KBHIv3___RNAseq.g16300.t1	Montipora_capitata_KBHIv3___RNAseq.g49014.t1
Montipora_capitata_KBHIv3___RNAseq.g16300.t1	Montipora_capitata_KBHIv3___TS.g20053.t1
Montipora_capitata_KBHIv3___RNAseq.g16300.t1	Montipora_capitata_KBHIv3___RNAseq.g49588.t1
Montipora_capitata_KBHIv3___RNAseq.g18208.t1	Montipora_capitata_KBHIv3___RNAseq.g7818.t1
Montipora_capitata_KBHIv3___RNAseq.g40146.t1	Montipora_capitata_KBHIv3___RNAseq.g15568.t1
Montipora_capitata_KBHIv3___RNAseq.g40146.t1	Montipora_capitata_KBHIv3___RNAseq.g8221.t1
Montipora_capitata_KBHIv3___RNAseq.g40146.t1	Montipora_capitata_KBHIv3___TS.g32653.t1
Montipora_capitata_KBHIv3___RNAseq.g40146.t1	Montipora_capitata_KBHIv3___RNAseq.g23217.t1
Montipora_capitata_KBHIv3___RNAseq.g40146.t1	Montipora_capitata_KBHIv3___RNAseq.g27327.t1
Montipora_capitata_KBHIv3___RNAseq.g40146.t1	Montipora_capitata_KBHIv3___RNAseq.g423.t1
Montipora_capitata_KBHIv3___RNAseq.g16784.t1	Montipora_capitata_KBHIv3___RNAseq.g16782.t1
Montipora_capitata_KBHIv3___RNAseq.g22773.t1	Montipora_capitata_KBHIv3___RNAseq.g37337.t1
Montipora_capitata_KBHIv3___RNAseq.g22773.t1	Montipora_capitata_KBHIv3___RNAseq.g1036.t1
Montipora_capitata_KBHIv3___RNAseq.g40055.t1	Montipora_capitata_KBHIv3___RNAseq.g8532.t1
Montipora_capitata_KBHIv3___RNAseq.g18950.t1	Montipora_capitata_KBHIv3___RNAseq.g23928.t1
Montipora_capitata_KBHIv3___RNAseq.g18950.t1	Montipora_capitata_KBHIv3___RNAseq.g17221.t1
Montipora_capitata_KBHIv3___TS.g45424.t1	Montipora_capitata_KBHIv3___TS.g35521.t1
Montipora_capitata_KBHIv3___TS.g45424.t1	Montipora_capitata_KBHIv3___TS.g20618.t1
Montipora_capitata_KBHIv3___TS.g45424.t1	Montipora_capitata_KBHIv3___TS.g41406.t1
Montipora_capitata_KBHIv3___TS.g45424.t1	Montipora_capitata_KBHIv3___TS.g23455.t1
Montipora_capitata_KBHIv3___RNAseq.g39619.t1	Montipora_capitata_KBHIv3___RNAseq.g39622.t1
Montipora_capitata_KBHIv3___RNAseq.g13042.t1	Montipora_capitata_KBHIv3___RNAseq.g3891.t1
Montipora_capitata_KBHIv3___RNAseq.g1590.t1	Montipora_capitata_KBHIv3___RNAseq.g44395.t1
Montipora_capitata_KBHIv3___RNAseq.g9997.t1	Montipora_capitata_KBHIv3___RNAseq.g45762.t1
Montipora_capitata_KBHIv3___RNAseq.g11051.t1	Montipora_capitata_KBHIv3___RNAseq.g11053.t1
Montipora_capitata_KBHIv3___RNAseq.g11051.t1	Montipora_capitata_KBHIv3___RNAseq.g10966.t1
Montipora_capitata_KBHIv3___RNAseq.g11051.t1	Montipora_capitata_KBHIv3___RNAseq.g10968.t1
Montipora_capitata_KBHIv3___RNAseq.g11051.t1	Montipora_capitata_KBHIv3___RNAseq.g10964.t1
Montipora_capitata_KBHIv3___TS.g5346.t1	Montipora_capitata_KBHIv3___TS.g10619.t1
Montipora_capitata_KBHIv3___TS.g5346.t1	Montipora_capitata_KBHIv3___TS.g13972.t1
Montipora_capitata_KBHIv3___RNAseq.g40192.t1	Montipora_capitata_KBHIv3___RNAseq.g50501.t1
Montipora_capitata_KBHIv3___RNAseq.g1752.t1	Montipora_capitata_KBHIv3___RNAseq.g1750.t1
Montipora_capitata_KBHIv3___RNAseq.g1752.t1	Montipora_capitata_KBHIv3___RNAseq.g1753.t1
Montipora_capitata_KBHIv3___RNAseq.g3580.t1	Montipora_capitata_KBHIv3___RNAseq.g7999.t1
Montipora_capitata_KBHIv3___RNAseq.g3580.t1	Montipora_capitata_KBHIv3___RNAseq.g3587.t1
Montipora_capitata_KBHIv3___RNAseq.g50419.t1	Montipora_capitata_KBHIv3___RNAseq.g43037.t1
Montipora_capitata_KBHIv3___TS.g23367.t1	Montipora_capitata_KBHIv3___TS.g23368.t1
Montipora_capitata_KBHIv3___RNAseq.g9169.t1	Montipora_capitata_KBHIv3___RNAseq.g9168.t1
Montipora_capitata_KBHIv3___RNAseq.g18054.t1	Montipora_capitata_KBHIv3___RNAseq.g18053.t1
Montipora_capitata_KBHIv3___RNAseq.g47129.t1	Montipora_capitata_KBHIv3___RNAseq.g47127.t1
Montipora_capitata_KBHIv3___RNAseq.7881_t	Montipora_capitata_KBHIv3___RNAseq.7882_t
Montipora_capitata_KBHIv3___RNAseq.g41903.t1	Montipora_capitata_KBHIv3___RNAseq.g34142.t1
Montipora_capitata_KBHIv3___RNAseq.g19694.t1	Montipora_capitata_KBHIv3___RNAseq.g24898.t1
Montipora_capitata_KBHIv3___RNAseq.g22608.t1	Montipora_capitata_KBHIv3___RNAseq.g3652.t1
Montipora_capitata_KBHIv3___RNAseq.g29441.t1	Montipora_capitata_KBHIv3___RNAseq.51211_t
Montipora_capitata_KBHIv3___RNAseq.g2206.t1	Montipora_capitata_KBHIv3___RNAseq.g2203.t1
Montipora_capitata_KBHIv3___RNAseq.g29009.t1	Montipora_capitata_KBHIv3___RNAseq.g29010.t1
Montipora_capitata_KBHIv3___RNAseq.g36498.t1	Montipora_capitata_KBHIv3___RNAseq.g15602.t1
Montipora_capitata_KBHIv3___RNAseq.g31357.t1	Montipora_capitata_KBHIv3___RNAseq.g31355.t1
Montipora_capitata_KBHIv3___TS.g9194.t1	Montipora_capitata_KBHIv3___TS.g9209.t1
Montipora_capitata_KBHIv3___RNAseq.g38580.t1	Montipora_capitata_KBHIv3___RNAseq.g14121.t1
Montipora_capitata_KBHIv3___RNAseq.g50351.t1	Montipora_capitata_KBHIv3___RNAseq.g50352.t1
Montipora_capitata_KBHIv3___RNAseq.g4127.t1	Montipora_capitata_KBHIv3___RNAseq.g27276.t1
Montipora_capitata_KBHIv3___RNAseq.g7348.t1	Montipora_capitata_KBHIv3___RNAseq.g40413.t1
Montipora_capitata_KBHIv3___RNAseq.g3581.t1	Montipora_capitata_KBHIv3___RNAseq.g8000.t1
Montipora_capitata_KBHIv3___RNAseq.g8233.t1	Montipora_capitata_KBHIv3___RNAseq.g3575.t1
Montipora_capitata_KBHIv3___RNAseq.g6671.t1	Montipora_capitata_KBHIv3___RNAseq.g7768.t1
Montipora_capitata_KBHIv3___RNAseq.g31367.t1	Montipora_capitata_KBHIv3___RNAseq.g36888.t1
Montipora_capitata_KBHIv3___RNAseq.g3749.t1	Montipora_capitata_KBHIv3___RNAseq.g29804.t1
Montipora_capitata_KBHIv3___RNAseq.g33807.t1	Montipora_capitata_KBHIv3___RNAseq.g33805.t1
Montipora_capitata_KBHIv3___RNAseq.g29423.t1	Montipora_capitata_KBHIv3___RNAseq.g46998.t1
Montipora_capitata_KBHIv3___RNAseq.g32653.t1	Montipora_capitata_KBHIv3___RNAseq.g26046.t1
Montipora_capitata_KBHIv3___RNAseq.g3203.t1	Montipora_capitata_KBHIv3___RNAseq.g3204.t1
Montipora_capitata_KBHIv3___RNAseq.g13470.t2	Montipora_capitata_KBHIv3___RNAseq.g7688.t2
Montipora_capitata_KBHIv3___RNAseq.g15343.t1	Montipora_capitata_KBHIv3___RNAseq.g7733.t1
Montipora_capitata_KBHIv3___TS.g20479.t1	Montipora_capitata_KBHIv3___TS.g37482.t1
Montipora_capitata_KBHIv3___TS.g37782.t1	Montipora_capitata_KBHIv3___TS.g50917.t1
Montipora_capitata_KBHIv3___RNAseq.g45568.t1	Montipora_capitata_KBHIv3___RNAseq.g40183.t1
Montipora_capitata_KBHIv3___TS.g23674.t1	Montipora_capitata_KBHIv3___TS.g29365.t1
Montipora_capitata_KBHIv3___TS.g45552.t1	Montipora_capitata_KBHIv3___TS.g29331.t1
Montipora_capitata_KBHIv3___RNAseq.g14490.t1	Montipora_capitata_KBHIv3___RNAseq.g34827.t1
Montipora_capitata_KBHIv3___RNAseq.g15432.t1	Montipora_capitata_KBHIv3___RNAseq.g4055.t1
Montipora_capitata_KBHIv3___RNAseq.g15432.t1	Montipora_capitata_KBHIv3___RNAseq.g15460.t1
Montipora_capitata_KBHIv3___RNAseq.g25731.t1	Montipora_capitata_KBHIv3___RNAseq.g42428.t1
Montipora_capitata_KBHIv3___RNAseq.g25731.t1	Montipora_capitata_KBHIv3___RNAseq.g12146.t1
Montipora_capitata_KBHIv3___RNAseq.g25731.t1	Montipora_capitata_KBHIv3___RNAseq.g25064.t1
Montipora_capitata_KBHIv3___RNAseq.g25731.t1	Montipora_capitata_KBHIv3___RNAseq.g21989.t1
Montipora_capitata_KBHIv3___RNAseq.g25731.t1	Montipora_capitata_KBHIv3___RNAseq.g41902.t1
Montipora_capitata_KBHIv3___RNAseq.g44745.t1	Montipora_capitata_KBHIv3___RNAseq.g44741.t1
Montipora_capitata_KBHIv3___TS.g45137.t1	Montipora_capitata_KBHIv3___TS.g19834.t1
Montipora_capitata_KBHIv3___RNAseq.g19279.t1	Montipora_capitata_KBHIv3___RNAseq.g4380.t1
Montipora_capitata_KBHIv3___RNAseq.g50715.t1	Montipora_capitata_KBHIv3___RNAseq.g27192.t1
Montipora_capitata_KBHIv3___RNAseq.g29818.t1	Montipora_capitata_KBHIv3___RNAseq.g19009.t1
Montipora_capitata_KBHIv3___RNAseq.g17636.t1	Montipora_capitata_KBHIv3___RNAseq.g17633.t1
Montipora_capitata_KBHIv3___RNAseq.g42521.t1	Montipora_capitata_KBHIv3___RNAseq.g42518.t1
Montipora_capitata_KBHIv3___TS.g14372.t1	Montipora_capitata_KBHIv3___TS.g20334.t1
Montipora_capitata_KBHIv3___RNAseq.g1942.t1	Montipora_capitata_KBHIv3___RNAseq.g1941.t1
Montipora_capitata_KBHIv3___TS.g2403.t1	Montipora_capitata_KBHIv3___TS.g28725.t1
Montipora_capitata_KBHIv3___RNAseq.g18323.t1	Montipora_capitata_KBHIv3___RNAseq.g34897.t1
Montipora_capitata_KBHIv3___RNAseq.g34789.t1	Montipora_capitata_KBHIv3___RNAseq.g34788.t1
Montipora_capitata_KBHIv3___RNAseq.g45775.t1	Montipora_capitata_KBHIv3___RNAseq.g3769.t1
Montipora_capitata_KBHIv3___RNAseq.g50510.t1	Montipora_capitata_KBHIv3___RNAseq.g23642.t1
Montipora_capitata_KBHIv3___RNAseq.g50510.t1	Montipora_capitata_KBHIv3___RNAseq.g50513.t1
Montipora_capitata_KBHIv3___RNAseq.g28549.t1	Montipora_capitata_KBHIv3___RNAseq.g28546.t1
Montipora_capitata_KBHIv3___RNAseq.20956_t	Montipora_capitata_KBHIv3___RNAseq.20957_t
Montipora_capitata_KBHIv3___RNAseq.g32482.t1	Montipora_capitata_KBHIv3___RNAseq.g2849.t1
Montipora_capitata_KBHIv3___RNAseq.g32482.t1	Montipora_capitata_KBHIv3___RNAseq.g32500.t1
Montipora_capitata_KBHIv3___RNAseq.g32482.t1	Montipora_capitata_KBHIv3___RNAseq.g47040.t1
Montipora_capitata_KBHIv3___RNAseq.g32482.t1	Montipora_capitata_KBHIv3___RNAseq.g26052.t1
Montipora_capitata_KBHIv3___RNAseq.g32482.t1	Montipora_capitata_KBHIv3___RNAseq.g9.t1
Montipora_capitata_KBHIv3___TS.g38507.t1	Montipora_capitata_KBHIv3___TS.g38508.t2
Montipora_capitata_KBHIv3___RNAseq.38113_t	Montipora_capitata_KBHIv3___RNAseq.g49487.t1
Montipora_capitata_KBHIv3___RNAseq.g44762.t1	Montipora_capitata_KBHIv3___RNAseq.g8604.t1
Montipora_capitata_KBHIv3___RNAseq.g18821.t1	Montipora_capitata_KBHIv3___RNAseq.g2487.t1
Montipora_capitata_KBHIv3___RNAseq.g36868.t1	Montipora_capitata_KBHIv3___RNAseq.g31047.t1
Montipora_capitata_KBHIv3___RNAseq.g18281.t1	Montipora_capitata_KBHIv3___RNAseq.g5473.t1
Montipora_capitata_KBHIv3___RNAseq.g43064.t1	Montipora_capitata_KBHIv3___RNAseq.g43065.t1
Montipora_capitata_KBHIv3___RNAseq.g11993.t1	Montipora_capitata_KBHIv3___TS.g1818.t1
Montipora_capitata_KBHIv3___RNAseq.g11993.t1	Montipora_capitata_KBHIv3___TS.g25857.t1
Montipora_capitata_KBHIv3___TS.g10680.t1	Montipora_capitata_KBHIv3___RNAseq.g15063.t1
Montipora_capitata_KBHIv3___TS.g10680.t1	Montipora_capitata_KBHIv3___TS.g13496.t1
Montipora_capitata_KBHIv3___TS.g24737.t1	Montipora_capitata_KBHIv3___TS.g10727.t1
Montipora_capitata_KBHIv3___RNAseq.g23059.t1	Montipora_capitata_KBHIv3___RNAseq.g27252.t1
Montipora_capitata_KBHIv3___RNAseq.g39264.t1a	Montipora_capitata_KBHIv3___RNAseq.g29302.t1
Montipora_capitata_KBHIv3___RNAseq.g39264.t1a	Montipora_capitata_KBHIv3___RNAseq.g38420.t1
Montipora_capitata_KBHIv3___RNAseq.g20248.t1	Montipora_capitata_KBHIv3___RNAseq.g11798.t1
Montipora_capitata_KBHIv3___RNAseq.g27371.t1	Montipora_capitata_KBHIv3___RNAseq.g27357.t1
Montipora_capitata_KBHIv3___RNAseq.g17152.t1	Montipora_capitata_KBHIv3___RNAseq.g17157.t1
Montipora_capitata_KBHIv3___RNAseq.g31213.t1	Montipora_capitata_KBHIv3___RNAseq.g41395.t1
Montipora_capitata_KBHIv3___RNAseq.g31213.t1	Montipora_capitata_KBHIv3___RNAseq.g35153.t1
Montipora_capitata_KBHIv3___RNAseq.g31213.t1	Montipora_capitata_KBHIv3___RNAseq.g646.t1
Montipora_capitata_KBHIv3___RNAseq.g31213.t1	Montipora_capitata_KBHIv3___RNAseq.g46898.t1
Montipora_capitata_KBHIv3___RNAseq.g31213.t1	Montipora_capitata_KBHIv3___RNAseq.g32627.t1
Montipora_capitata_KBHIv3___RNAseq.g31213.t1	Montipora_capitata_KBHIv3___RNAseq.g5409.t1
Montipora_capitata_KBHIv3___RNAseq.g31213.t1	Montipora_capitata_KBHIv3___RNAseq.g20307.t1
Montipora_capitata_KBHIv3___RNAseq.g31213.t1	Montipora_capitata_KBHIv3___RNAseq.g48649.t1
Montipora_capitata_KBHIv3___RNAseq.g31213.t1	Montipora_capitata_KBHIv3___RNAseq.g3476.t1
Montipora_capitata_KBHIv3___RNAseq.g31213.t1	Montipora_capitata_KBHIv3___RNAseq.g45433.t1
Montipora_capitata_KBHIv3___RNAseq.g31213.t1	Montipora_capitata_KBHIv3___RNAseq.g813.t1
Montipora_capitata_KBHIv3___RNAseq.g31213.t1	Montipora_capitata_KBHIv3___RNAseq.g3115.t1
Montipora_capitata_KBHIv3___RNAseq.g39161.t1	Montipora_capitata_KBHIv3___RNAseq.g39590.t1
Montipora_capitata_KBHIv3___TS.g983.t1	Montipora_capitata_KBHIv3___TS.g985.t1
Montipora_capitata_KBHIv3___TS.g14044.t1	Montipora_capitata_KBHIv3___TS.g44.t1
Montipora_capitata_KBHIv3___TS.g14044.t1	Montipora_capitata_KBHIv3___TS.g13948.t1
Montipora_capitata_KBHIv3___TS.g14044.t1	Montipora_capitata_KBHIv3___TS.g48323.t1
Montipora_capitata_KBHIv3___RNAseq.g7917.t1	Montipora_capitata_KBHIv3___RNAseq.g25551.t1
Montipora_capitata_KBHIv3___TS.g14416.t1	Montipora_capitata_KBHIv3___TS.g10486.t1
Montipora_capitata_KBHIv3___RNAseq.g48029.t1	Montipora_capitata_KBHIv3___RNAseq.g48031.t1
Montipora_capitata_KBHIv3___RNAseq.g48029.t1	Montipora_capitata_KBHIv3___RNAseq.g48030.t1
Montipora_capitata_KBHIv3___RNAseq.g48029.t1	Montipora_capitata_KBHIv3___RNAseq.g48028.t1
Montipora_capitata_KBHIv3___RNAseq.g12029.t1	Montipora_capitata_KBHIv3___RNAseq.g12026.t1
Montipora_capitata_KBHIv3___RNAseq.g23955.t1	Montipora_capitata_KBHIv3___RNAseq.g4271.t1
Montipora_capitata_KBHIv3___RNAseq.g34562.t1	Montipora_capitata_KBHIv3___RNAseq.g3431.t1
Montipora_capitata_KBHIv3___TS.g20029.t1	Montipora_capitata_KBHIv3___TS.g18281.t1
Montipora_capitata_KBHIv3___RNAseq.g6775.t1	Montipora_capitata_KBHIv3___RNAseq.g29146.t1
Montipora_capitata_KBHIv3___TS.g6557.t1	Montipora_capitata_KBHIv3___TS.g6546.t1
Montipora_capitata_KBHIv3___RNAseq.g31092.t1	Montipora_capitata_KBHIv3___RNAseq.g27451.t1
Montipora_capitata_KBHIv3___RNAseq.g23870.t1	Montipora_capitata_KBHIv3___RNAseq.g23869.t1
Montipora_capitata_KBHIv3___RNAseq.g20414.t1	Montipora_capitata_KBHIv3___RNAseq.g20417.t1
Montipora_capitata_KBHIv3___RNAseq.g39389.t1	Montipora_capitata_KBHIv3___RNAseq.33465_t
Montipora_capitata_KBHIv3___TS.g44914.t1	Montipora_capitata_KBHIv3___RNAseq.g12067.t1
Montipora_capitata_KBHIv3___RNAseq.g3042.t1	Montipora_capitata_KBHIv3___RNAseq.g29584.t1
Montipora_capitata_KBHIv3___RNAseq.g40158.t1	Montipora_capitata_KBHIv3___RNAseq.g40157.t1
Montipora_capitata_KBHIv3___RNAseq.g12783.t1	Montipora_capitata_KBHIv3___RNAseq.g12785.t1
Montipora_capitata_KBHIv3___RNAseq.g45682.t1	Montipora_capitata_KBHIv3___RNAseq.g28964.t1
Montipora_capitata_KBHIv3___RNAseq.g23728.t1	Montipora_capitata_KBHIv3___RNAseq.g19834.t1
Montipora_capitata_KBHIv3___RNAseq.g14426.t1	Montipora_capitata_KBHIv3___RNAseq.g17349.t1
Montipora_capitata_KBHIv3___RNAseq.g14426.t1	Montipora_capitata_KBHIv3___RNAseq.g29196.t1a
Montipora_capitata_KBHIv3___RNAseq.g14426.t1	Montipora_capitata_KBHIv3___RNAseq.g32586.t1
Montipora_capitata_KBHIv3___RNAseq.g14426.t1	Montipora_capitata_KBHIv3___RNAseq.g28829.t1
Montipora_capitata_KBHIv3___RNAseq.g29254.t1	Montipora_capitata_KBHIv3___RNAseq.g9798.t1
Montipora_capitata_KBHIv3___RNAseq.g29254.t1	Montipora_capitata_KBHIv3___RNAseq.g5805.t1
Montipora_capitata_KBHIv3___RNAseq.g29254.t1	Montipora_capitata_KBHIv3___RNAseq.g6402.t1
Montipora_capitata_KBHIv3___RNAseq.g29254.t1	Montipora_capitata_KBHIv3___RNAseq.g31445.t1
Montipora_capitata_KBHIv3___RNAseq.g29254.t1	Montipora_capitata_KBHIv3___RNAseq.g312.t1
Montipora_capitata_KBHIv3___RNAseq.g29254.t1	Montipora_capitata_KBHIv3___RNAseq.g42027.t1
Montipora_capitata_KBHIv3___RNAseq.g29254.t1	Montipora_capitata_KBHIv3___RNAseq.g46685.t1
Montipora_capitata_KBHIv3___RNAseq.g29254.t1	Montipora_capitata_KBHIv3___RNAseq.g19459.t1
Montipora_capitata_KBHIv3___RNAseq.g29254.t1	Montipora_capitata_KBHIv3___RNAseq.g23015.t1
Montipora_capitata_KBHIv3___RNAseq.g29254.t1	Montipora_capitata_KBHIv3___RNAseq.g1222.t1
Montipora_capitata_KBHIv3___RNAseq.g15470.t1	Montipora_capitata_KBHIv3___RNAseq.g27456.t1
Montipora_capitata_KBHIv3___RNAseq.g15470.t1	Montipora_capitata_KBHIv3___RNAseq.g18853.t1
Montipora_capitata_KBHIv3___RNAseq.g29706.t1	Montipora_capitata_KBHIv3___RNAseq.g24879.t1
Montipora_capitata_KBHIv3___RNAseq.g29706.t1	Montipora_capitata_KBHIv3___RNAseq.g23623.t1
Montipora_capitata_KBHIv3___RNAseq.g29706.t1	Montipora_capitata_KBHIv3___RNAseq.g23933.t1
Montipora_capitata_KBHIv3___RNAseq.g7224.t1	Montipora_capitata_KBHIv3___RNAseq.g7226.t1
Montipora_capitata_KBHIv3___RNAseq.g7045.t1	Montipora_capitata_KBHIv3___RNAseq.g7043.t1
Montipora_capitata_KBHIv3___RNAseq.g3866.t1	Montipora_capitata_KBHIv3___RNAseq.g15396.t1
Montipora_capitata_KBHIv3___RNAseq.g3866.t1	Montipora_capitata_KBHIv3___RNAseq.g8617.t1
Montipora_capitata_KBHIv3___RNAseq.g18879.t1	Montipora_capitata_KBHIv3___RNAseq.g38773.t1
Montipora_capitata_KBHIv3___RNAseq.g32381.t1	Montipora_capitata_KBHIv3___RNAseq.g8725.t1
Montipora_capitata_KBHIv3___RNAseq.g21888.t1	Montipora_capitata_KBHIv3___RNAseq.g15001.t1
Montipora_capitata_KBHIv3___RNAseq.g29646.t1	Montipora_capitata_KBHIv3___RNAseq.g27325.t1
Montipora_capitata_KBHIv3___RNAseq.g18869.t1	Montipora_capitata_KBHIv3___RNAseq.g13136.t1
Montipora_capitata_KBHIv3___RNAseq.g8380.t1	Montipora_capitata_KBHIv3___RNAseq.g3732.t1
Montipora_capitata_KBHIv3___RNAseq.g44034.t1	Montipora_capitata_KBHIv3___RNAseq.g326.t1
Montipora_capitata_KBHIv3___RNAseq.g44034.t1	Montipora_capitata_KBHIv3___RNAseq.g14978.t1
Montipora_capitata_KBHIv3___RNAseq.g44034.t1	Montipora_capitata_KBHIv3___RNAseq.g26862.t1
Montipora_capitata_KBHIv3___RNAseq.g44034.t1	Montipora_capitata_KBHIv3___RNAseq.g18866.t1
Montipora_capitata_KBHIv3___TS.g43250.t1	Montipora_capitata_KBHIv3___TS.g18819.t1
Montipora_capitata_KBHIv3___RNAseq.g48027.t1	Montipora_capitata_KBHIv3___RNAseq.g20731.t1
Montipora_capitata_KBHIv3___RNAseq.g48027.t1	Montipora_capitata_KBHIv3___RNAseq.g23868.t1
Montipora_capitata_KBHIv3___RNAseq.g9338.t1	Montipora_capitata_KBHIv3___RNAseq.g9336.t1
Montipora_capitata_KBHIv3___RNAseq.g32980.t1	Montipora_capitata_KBHIv3___RNAseq.g32979.t1
Montipora_capitata_KBHIv3___TS.g3797.t1	Montipora_capitata_KBHIv3___TS.g29841.t1
Montipora_capitata_KBHIv3___RNAseq.g2249.t1a	Montipora_capitata_KBHIv3___RNAseq.g32091.t1
Montipora_capitata_KBHIv3___RNAseq.g2249.t1a	Montipora_capitata_KBHIv3___RNAseq.g31645.t1
Montipora_capitata_KBHIv3___RNAseq.g2249.t1a	Montipora_capitata_KBHIv3___RNAseq.g48901.t1
Montipora_capitata_KBHIv3___RNAseq.g2249.t1a	Montipora_capitata_KBHIv3___RNAseq.g38064.t1
Montipora_capitata_KBHIv3___RNAseq.g2249.t1a	Montipora_capitata_KBHIv3___RNAseq.g15596.t1
Montipora_capitata_KBHIv3___RNAseq.g44398.t1	Montipora_capitata_KBHIv3___RNAseq.g7618.t1
Montipora_capitata_KBHIv3___RNAseq.g44398.t1	Montipora_capitata_KBHIv3___RNAseq.g7616.t1
Montipora_capitata_KBHIv3___RNAseq.g44398.t1	Montipora_capitata_KBHIv3___RNAseq.g7617.t1
Montipora_capitata_KBHIv3___RNAseq.g42208.t1	Montipora_capitata_KBHIv3___RNAseq.g31094.t1
Montipora_capitata_KBHIv3___RNAseq.g23216.t1a	Montipora_capitata_KBHIv3___RNAseq.g23214.t1a
Montipora_capitata_KBHIv3___RNAseq.g28548.t1	Montipora_capitata_KBHIv3___RNAseq.g28551.t1
Montipora_capitata_KBHIv3___RNAseq.g680.t1	Montipora_capitata_KBHIv3___RNAseq.g678.t1
Montipora_capitata_KBHIv3___RNAseq.g27282.t1	Montipora_capitata_KBHIv3___RNAseq.g27281.t1
Montipora_capitata_KBHIv3___RNAseq.g6805.t1	Montipora_capitata_KBHIv3___RNAseq.g1621.t1
Montipora_capitata_KBHIv3___RNAseq.g3582.t1	Montipora_capitata_KBHIv3___RNAseq.g8001.t1
Montipora_capitata_KBHIv3___RNAseq.g15630.t1	Montipora_capitata_KBHIv3___RNAseq.g12194.t1
Montipora_capitata_KBHIv3___RNAseq.g40293.t1	Montipora_capitata_KBHIv3___RNAseq.g40292.t1
Montipora_capitata_KBHIv3___TS.g41915.t1	Montipora_capitata_KBHIv3___TS.g10823.t1
Montipora_capitata_KBHIv3___TS.g41915.t1	Montipora_capitata_KBHIv3___TS.g25858.t1
Montipora_capitata_KBHIv3___RNAseq.g40069.t2	Montipora_capitata_KBHIv3___RNAseq.g50034.t1
Montipora_capitata_KBHIv3___RNAseq.g41.t1	Montipora_capitata_KBHIv3___RNAseq.g27353.t1
Montipora_capitata_KBHIv3___RNAseq.g16156.t1	Montipora_capitata_KBHIv3___RNAseq.g16155.t1
Montipora_capitata_KBHIv3___RNAseq.g4327.t1	Montipora_capitata_KBHIv3___RNAseq.g20605.t1
Montipora_capitata_KBHIv3___RNAseq.g49004.t1	Montipora_capitata_KBHIv3___TS.g3317.t1
Montipora_capitata_KBHIv3___RNAseq.g41708.t1	Montipora_capitata_KBHIv3___RNAseq.g41712.t1
Montipora_capitata_KBHIv3___RNAseq.g33401.t1	Montipora_capitata_KBHIv3___RNAseq.g33164.t1
Montipora_capitata_KBHIv3___RNAseq.g10886.t1	Montipora_capitata_KBHIv3___RNAseq.g10885.t1
Montipora_capitata_KBHIv3___RNAseq.g41640.t1	Montipora_capitata_KBHIv3___RNAseq.g41638.t1
Montipora_capitata_KBHIv3___RNAseq.g13411.t1	Montipora_capitata_KBHIv3___RNAseq.18925_t
Montipora_capitata_KBHIv3___TS.g14948.t1	Montipora_capitata_KBHIv3___TS.g20387.t1
Montipora_capitata_KBHIv3___TS.g9371.t1	Montipora_capitata_KBHIv3___TS.g9372.t1
Montipora_capitata_KBHIv3___RNAseq.g21433.t1	Montipora_capitata_KBHIv3___RNAseq.g21437.t1
Montipora_capitata_KBHIv3___RNAseq.g25553.t1	Montipora_capitata_KBHIv3___RNAseq.g7920.t1
Montipora_capitata_KBHIv3___RNAseq.g8236.t1	Montipora_capitata_KBHIv3___RNAseq.g12103.t1
Montipora_capitata_KBHIv3___TS.g9360.t1	Montipora_capitata_KBHIv3___TS.g9363.t1
Montipora_capitata_KBHIv3___RNAseq.g33947.t1	Montipora_capitata_KBHIv3___RNAseq.g33948.t1
Montipora_capitata_KBHIv3___RNAseq.g34911.t1	Montipora_capitata_KBHIv3___RNAseq.g7638.t1
Montipora_capitata_KBHIv3___RNAseq.g34911.t1	Montipora_capitata_KBHIv3___RNAseq.g45215.t1
Montipora_capitata_KBHIv3___RNAseq.g34911.t1	Montipora_capitata_KBHIv3___RNAseq.g8035.t1
Montipora_capitata_KBHIv3___RNAseq.g34911.t1	Montipora_capitata_KBHIv3___RNAseq.g19047.t1
Montipora_capitata_KBHIv3___TS.g40101.t1	Montipora_capitata_KBHIv3___TS.g40104.t1
Montipora_capitata_KBHIv3___RNAseq.g23595.t1	Montipora_capitata_KBHIv3___RNAseq.g38698.t1
Montipora_capitata_KBHIv3___RNAseq.g23595.t1	Montipora_capitata_KBHIv3___RNAseq.g23597.t1
Montipora_capitata_KBHIv3___TS.g26883.t1	Montipora_capitata_KBHIv3___RNAseq.g5167.t1
Montipora_capitata_KBHIv3___RNAseq.g45730.t1	Montipora_capitata_KBHIv3___RNAseq.g40342.t1
Montipora_capitata_KBHIv3___RNAseq.g23409.t1	Montipora_capitata_KBHIv3___RNAseq.g18730.t1
Montipora_capitata_KBHIv3___RNAseq.g23409.t1	Montipora_capitata_KBHIv3___RNAseq.g47157.t1
Montipora_capitata_KBHIv3___RNAseq.g22798.t1	Montipora_capitata_KBHIv3___RNAseq.g22796.t1
Montipora_capitata_KBHIv3___RNAseq.g22520.t1	Montipora_capitata_KBHIv3___RNAseq.g22519.t1
Montipora_capitata_KBHIv3___RNAseq.g22520.t1	Montipora_capitata_KBHIv3___RNAseq.g22521.t1
Montipora_capitata_KBHIv3___TS.g37843.t1	Montipora_capitata_KBHIv3___TS.g37844.t1
Montipora_capitata_KBHIv3___RNAseq.g4005.t1	Montipora_capitata_KBHIv3___RNAseq.g23960.t1
Montipora_capitata_KBHIv3___RNAseq.g23707.t1	Montipora_capitata_KBHIv3___RNAseq.g41250.t1
Montipora_capitata_KBHIv3___RNAseq.g20049.t1	Montipora_capitata_KBHIv3___RNAseq.g20051.t1
Montipora_capitata_KBHIv3___RNAseq.g22610.t1	Montipora_capitata_KBHIv3___RNAseq.g26883.t1
Montipora_capitata_KBHIv3___RNAseq.g22610.t1	Montipora_capitata_KBHIv3___RNAseq.g35848.t1
Montipora_capitata_KBHIv3___RNAseq.g12195.t1	Montipora_capitata_KBHIv3___RNAseq.g12331.t1
Montipora_capitata_KBHIv3___RNAseq.g3865.t1	Montipora_capitata_KBHIv3___RNAseq.g8618.t1
Montipora_capitata_KBHIv3___RNAseq.g48701.t1	Montipora_capitata_KBHIv3___RNAseq.g48702.t1
Montipora_capitata_KBHIv3___RNAseq.g17487.t1	Montipora_capitata_KBHIv3___RNAseq.g34773.t1
Montipora_capitata_KBHIv3___RNAseq.g47498.t1	Montipora_capitata_KBHIv3___RNAseq.g15468.t1
Montipora_capitata_KBHIv3___RNAseq.g7399.t1	Montipora_capitata_KBHIv3___RNAseq.g7401.t1
Montipora_capitata_KBHIv3___RNAseq.g22195.t1b	Montipora_capitata_KBHIv3___TS.g41324.t1b
Montipora_capitata_KBHIv3___RNAseq.g19413.t1	Montipora_capitata_KBHIv3___RNAseq.g19419.t1
Montipora_capitata_KBHIv3___RNAseq.g3977.t1	Montipora_capitata_KBHIv3___RNAseq.g3979.t1
Montipora_capitata_KBHIv3___RNAseq.g3977.t1	Montipora_capitata_KBHIv3___RNAseq.g32751.t1
Montipora_capitata_KBHIv3___RNAseq.g3977.t1	Montipora_capitata_KBHIv3___RNAseq.g3978.t1
Montipora_capitata_KBHIv3___RNAseq.g3977.t1	Montipora_capitata_KBHIv3___RNAseq.g32754.t1
Montipora_capitata_KBHIv3___RNAseq.g45744.t1	Montipora_capitata_KBHIv3___RNAseq.g36339.t1
Montipora_capitata_KBHIv3___RNAseq.g15342.t1	Montipora_capitata_KBHIv3___RNAseq.g15340.t1
Montipora_capitata_KBHIv3___RNAseq.g2558.t1	Montipora_capitata_KBHIv3___RNAseq.g49890.t1
Montipora_capitata_KBHIv3___RNAseq.g33078.t1	Montipora_capitata_KBHIv3___RNAseq.g3934.t1
Montipora_capitata_KBHIv3___RNAseq.g11589.t1	Montipora_capitata_KBHIv3___RNAseq.g11591.t1
Montipora_capitata_KBHIv3___RNAseq.g46000.t1	Montipora_capitata_KBHIv3___RNAseq.g46001.t1
Montipora_capitata_KBHIv3___RNAseq.g7366.t1	Montipora_capitata_KBHIv3___RNAseq.g7365.t1
Montipora_capitata_KBHIv3___RNAseq.g44433.t1	Montipora_capitata_KBHIv3___RNAseq.g41566.t1
Montipora_capitata_KBHIv3___RNAseq.g19745.t1a	Montipora_capitata_KBHIv3___RNAseq.g19742.t1a
Montipora_capitata_KBHIv3___RNAseq.g23231.t2	Montipora_capitata_KBHIv3___RNAseq.g32110.t1
Montipora_capitata_KBHIv3___RNAseq.g23231.t2	Montipora_capitata_KBHIv3___RNAseq.g5790.t1
Montipora_capitata_KBHIv3___RNAseq.g23231.t2	Montipora_capitata_KBHIv3___RNAseq.g10560.t1
Montipora_capitata_KBHIv3___RNAseq.g23231.t2	Montipora_capitata_KBHIv3___RNAseq.g37464.t2
Montipora_capitata_KBHIv3___RNAseq.g23231.t2	Montipora_capitata_KBHIv3___RNAseq.g8881.t1
Montipora_capitata_KBHIv3___RNAseq.g23231.t2	Montipora_capitata_KBHIv3___RNAseq.g32800.t1
Montipora_capitata_KBHIv3___RNAseq.g23231.t2	Montipora_capitata_KBHIv3___RNAseq.g48683.t1
Montipora_capitata_KBHIv3___RNAseq.g23231.t2	Montipora_capitata_KBHIv3___RNAseq.g32058.t1
Montipora_capitata_KBHIv3___RNAseq.g23231.t2	Montipora_capitata_KBHIv3___RNAseq.g41236.t1
Montipora_capitata_KBHIv3___RNAseq.g23231.t2	Montipora_capitata_KBHIv3___RNAseq.g37882.t1
Montipora_capitata_KBHIv3___RNAseq.g12277.t1	Montipora_capitata_KBHIv3___RNAseq.g9494.t1
Montipora_capitata_KBHIv3___RNAseq.g12277.t1	Montipora_capitata_KBHIv3___RNAseq.g23895.t1
Montipora_capitata_KBHIv3___RNAseq.g12277.t1	Montipora_capitata_KBHIv3___RNAseq.g20373.t1
Montipora_capitata_KBHIv3___TS.g12759.t1	Montipora_capitata_KBHIv3___TS.g12762.t1
Montipora_capitata_KBHIv3___TS.g23665.t1	Montipora_capitata_KBHIv3___TS.g31481.t1
Montipora_capitata_KBHIv3___RNAseq.g3129.t1	Montipora_capitata_KBHIv3___RNAseq.g25737.t1
Montipora_capitata_KBHIv3___RNAseq.g15433.t1	Montipora_capitata_KBHIv3___RNAseq.g15461.t1
Montipora_capitata_KBHIv3___RNAseq.g15433.t1	Montipora_capitata_KBHIv3___RNAseq.g39126.t1
Montipora_capitata_KBHIv3___RNAseq.g15433.t1	Montipora_capitata_KBHIv3___RNAseq.g4054.t1
Montipora_capitata_KBHIv3___RNAseq.g45673.t1	Montipora_capitata_KBHIv3___RNAseq.g4158.t1
Montipora_capitata_KBHIv3___RNAseq.g18571.t1	Montipora_capitata_KBHIv3___RNAseq.g18566.t1
Montipora_capitata_KBHIv3___RNAseq.15216_t	Montipora_capitata_KBHIv3___RNAseq.15220_t
Montipora_capitata_KBHIv3___RNAseq.g29674.t1	Montipora_capitata_KBHIv3___RNAseq.g29675.t1
Montipora_capitata_KBHIv3___RNAseq.g8339.t1	Montipora_capitata_KBHIv3___RNAseq.g35959.t1
Montipora_capitata_KBHIv3___RNAseq.g20698.t1	Montipora_capitata_KBHIv3___RNAseq.g8396.t1
Montipora_capitata_KBHIv3___RNAseq.g18764.t1	Montipora_capitata_KBHIv3___RNAseq.g33154.t1
Montipora_capitata_KBHIv3___RNAseq.g45698.t1	Montipora_capitata_KBHIv3___RNAseq.g12259.t1
Montipora_capitata_KBHIv3___RNAseq.g45698.t1	Montipora_capitata_KBHIv3___RNAseq.g12267.t1
Montipora_capitata_KBHIv3___RNAseq.g45698.t1	Montipora_capitata_KBHIv3___RNAseq.g12246.t1
Montipora_capitata_KBHIv3___RNAseq.g32933.t1	Montipora_capitata_KBHIv3___RNAseq.g32935.t1
Montipora_capitata_KBHIv3___TS.g22665.t1	Montipora_capitata_KBHIv3___TS.g22668.t1
Montipora_capitata_KBHIv3___RNAseq.g37659.t1	Montipora_capitata_KBHIv3___RNAseq.g7038.t1
Montipora_capitata_KBHIv3___RNAseq.g37659.t1	Montipora_capitata_KBHIv3___RNAseq.g12217.t1
Montipora_capitata_KBHIv3___RNAseq.g2594.t1	Montipora_capitata_KBHIv3___RNAseq.g2599.t1
Montipora_capitata_KBHIv3___RNAseq.g2594.t1	Montipora_capitata_KBHIv3___RNAseq.g2595.t1
Montipora_capitata_KBHIv3___RNAseq.g2594.t1	Montipora_capitata_KBHIv3___RNAseq.g2593.t1
Montipora_capitata_KBHIv3___RNAseq.g2594.t1	Montipora_capitata_KBHIv3___RNAseq.g2596.t1
Montipora_capitata_KBHIv3___RNAseq.g2594.t1	Montipora_capitata_KBHIv3___RNAseq.g2598.t1
Montipora_capitata_KBHIv3___RNAseq.g2594.t1	Montipora_capitata_KBHIv3___RNAseq.g23560.t1
Montipora_capitata_KBHIv3___TS.g37472.t1	Montipora_capitata_KBHIv3___TS.g24381.t1
Montipora_capitata_KBHIv3___RNAseq.g27236.t1	Montipora_capitata_KBHIv3___RNAseq.g23841.t1
Montipora_capitata_KBHIv3___RNAseq.g27236.t1	Montipora_capitata_KBHIv3___TS.g45308.t1
Montipora_capitata_KBHIv3___RNAseq.g27236.t1	Montipora_capitata_KBHIv3___RNAseq.g8056.t1
Montipora_capitata_KBHIv3___RNAseq.g244.t1	Montipora_capitata_KBHIv3___RNAseq.g44437.t1
Montipora_capitata_KBHIv3___RNAseq.g244.t1	Montipora_capitata_KBHIv3___RNAseq.g18803.t1
Montipora_capitata_KBHIv3___RNAseq.g244.t1	Montipora_capitata_KBHIv3___RNAseq.g8484.t1
Montipora_capitata_KBHIv3___RNAseq.g21552.t1	Montipora_capitata_KBHIv3___RNAseq.g46872.t1
Montipora_capitata_KBHIv3___RNAseq.g21552.t1	Montipora_capitata_KBHIv3___RNAseq.g36001.t1
Montipora_capitata_KBHIv3___RNAseq.g21552.t1	Montipora_capitata_KBHIv3___RNAseq.g17174.t1
Montipora_capitata_KBHIv3___RNAseq.g43511.t1	Montipora_capitata_KBHIv3___TS.g34864.t1
Montipora_capitata_KBHIv3___TS.g45495.t1	Montipora_capitata_KBHIv3___RNAseq.g43832.t1
Montipora_capitata_KBHIv3___RNAseq.g18307.t1	Montipora_capitata_KBHIv3___RNAseq.g4493.t1
Montipora_capitata_KBHIv3___TS.g19067.t1	Montipora_capitata_KBHIv3___TS.g19079.t1
Montipora_capitata_KBHIv3___RNAseq.g38303.t1	Montipora_capitata_KBHIv3___RNAseq.g38323.t1
Montipora_capitata_KBHIv3___TS.g44061.t1	Montipora_capitata_KBHIv3___TS.g44029.t1
Montipora_capitata_KBHIv3___TS.g44061.t1	Montipora_capitata_KBHIv3___TS.g23818.t1
Montipora_capitata_KBHIv3___RNAseq.g11.t1	Montipora_capitata_KBHIv3___RNAseq.g18747.t1
Montipora_capitata_KBHIv3___RNAseq.g11.t1	Montipora_capitata_KBHIv3___RNAseq.g11763.t1
Montipora_capitata_KBHIv3___RNAseq.g11.t1	Montipora_capitata_KBHIv3___RNAseq.g11745.t1
Montipora_capitata_KBHIv3___RNAseq.g27372.t1	Montipora_capitata_KBHIv3___RNAseq.g27358.t1
Montipora_capitata_KBHIv3___TS.g2610.t1	Montipora_capitata_KBHIv3___TS.g29493.t1
Montipora_capitata_KBHIv3___TS.g45073.t1	Montipora_capitata_KBHIv3___TS.g14302.t1
Montipora_capitata_KBHIv3___TS.g45073.t1	Montipora_capitata_KBHIv3___RNAseq.g43420.t1
Montipora_capitata_KBHIv3___RNAseq.g10969.t1	Montipora_capitata_KBHIv3___RNAseq.g10965.t1
Montipora_capitata_KBHIv3___RNAseq.g10969.t1	Montipora_capitata_KBHIv3___RNAseq.g11052.t1
Montipora_capitata_KBHIv3___RNAseq.g10969.t1	Montipora_capitata_KBHIv3___RNAseq.g11050.t1
Montipora_capitata_KBHIv3___RNAseq.g10969.t1	Montipora_capitata_KBHIv3___RNAseq.g10967.t1
Montipora_capitata_KBHIv3___RNAseq.g23829.t1	Montipora_capitata_KBHIv3___RNAseq.g23828.t1
Montipora_capitata_KBHIv3___TS.g38758.t1	Montipora_capitata_KBHIv3___TS.g6095.t1
Montipora_capitata_KBHIv3___TS.g38758.t1	Montipora_capitata_KBHIv3___TS.g7542.t1a
Montipora_capitata_KBHIv3___RNAseq.g11590.t1	Montipora_capitata_KBHIv3___RNAseq.g11592.t1
Montipora_capitata_KBHIv3___RNAseq.g5151.t1	Montipora_capitata_KBHIv3___RNAseq.g5153.t1
Montipora_capitata_KBHIv3___RNAseq.g15604.t1	Montipora_capitata_KBHIv3___RNAseq.g39808.t1
Montipora_capitata_KBHIv3___RNAseq.g9042.t1	Montipora_capitata_KBHIv3___RNAseq.g45881.t1
Montipora_capitata_KBHIv3___RNAseq.g9042.t1	Montipora_capitata_KBHIv3___RNAseq.g3735.t1
Montipora_capitata_KBHIv3___RNAseq.g4424.t1	Montipora_capitata_KBHIv3___RNAseq.g24044.t1
Montipora_capitata_KBHIv3___RNAseq.g33812.t1	Montipora_capitata_KBHIv3___TS.g41311.t1
Montipora_capitata_KBHIv3___RNAseq.g36103.t1	Montipora_capitata_KBHIv3___RNAseq.g36102.t1
Montipora_capitata_KBHIv3___RNAseq.g17212.t1	Montipora_capitata_KBHIv3___RNAseq.g17215.t1
Montipora_capitata_KBHIv3___RNAseq.g8505.t1	Montipora_capitata_KBHIv3___RNAseq.g48478.t1
